เขตสุขภาพที่,ภูมิภาค,จังหวัด,ช่วงอายุ,ประชากรกลางปี2564,จำนวน(คน),อัตราฆ่าตัวตาย,สัดส่วนปชก.มาตรฐาน,อัตราตายปรับด้วยอายุของประชากร
เขตสุขภาพที่ 1,ภาคเหนือ,ลำพูน,0-4,14980,0,0.0000,0.0886,0.0000
เขตสุขภาพที่ 1,ภาคเหนือ,ลำพูน,10-14,18213,0,0.0000,0.0860,0.0000
เขตสุขภาพที่ 1,ภาคเหนือ,ลำพูน,15-19,19142,0,0.0000,0.0847,0.0000
เขตสุขภาพที่ 1,ภาคเหนือ,ลำพูน,20-24,20994,3,14.2898,0.0822,1.1746
เขตสุขภาพที่ 1,ภาคเหนือ,ลำพูน,25-29,27621,1,3.6204,0.0793,0.2871
เขตสุขภาพที่ 1,ภาคเหนือ,ลำพูน,30-34,28196,7,24.8262,0.0761,1.8893
เขตสุขภาพที่ 1,ภาคเหนือ,ลำพูน,35-39,30119,1,3.3202,0.0715,0.2374
เขตสุขภาพที่ 1,ภาคเหนือ,ลำพูน,40-44,28920,0,0.0000,0.0659,0.0000
เขตสุขภาพที่ 1,ภาคเหนือ,ลำพูน,45-49,27285,4,14.6601,0.0604,0.8855
เขตสุขภาพที่ 1,ภาคเหนือ,ลำพูน,55-59,17836,0,0.0000,0.0869,0.0000
เขตสุขภาพที่ 1,ภาคเหนือ,ลำพูน,50-54,30304,4,13.1996,0.0537,0.7088
เขตสุขภาพที่ 1,ภาคเหนือ,ลำพูน,55-59,36272,3,8.2708,0.0455,0.3763
เขตสุขภาพที่ 1,ภาคเหนือ,ลำพูน,60ปีขึ้นไป,98745,4,4.0508,0.1192,0.4829
เขตสุขภาพที่ 1,ภาคเหนือ,ลำปาง,0-4,23539,0,0.0000,0.0886,0.0000
เขตสุขภาพที่ 1,ภาคเหนือ,ลำปาง,10-14,31097,1,3.2157,0.0860,0.2766
เขตสุขภาพที่ 1,ภาคเหนือ,ลำปาง,15-19,34436,2,5.8079,0.0847,0.4919
เขตสุขภาพที่ 1,ภาคเหนือ,ลำปาง,20-24,42780,1,2.3375,0.0822,0.1921
เขตสุขภาพที่ 1,ภาคเหนือ,ลำปาง,25-29,51999,5,9.6156,0.0793,0.7625
เขตสุขภาพที่ 1,ภาคเหนือ,ลำปาง,30-34,49899,8,16.0324,0.0761,1.2201
เขตสุขภาพที่ 1,ภาคเหนือ,ลำปาง,35-39,48568,9,18.5307,0.0715,1.3249
เขตสุขภาพที่ 1,ภาคเหนือ,ลำปาง,40-44,48781,5,10.2499,0.0659,0.6755
เขตสุขภาพที่ 1,ภาคเหนือ,ลำปาง,45-49,53229,8,15.0294,0.0604,0.9078
เขตสุขภาพที่ 1,ภาคเหนือ,ลำปาง,55-59,29100,0,0.0000,0.0869,0.0000
เขตสุขภาพที่ 1,ภาคเหนือ,ลำปาง,50-54,61447,10,16.2742,0.0537,0.8739
เขตสุขภาพที่ 1,ภาคเหนือ,ลำปาง,55-59,67544,8,11.8441,0.0455,0.5389
เขตสุขภาพที่ 1,ภาคเหนือ,ลำปาง,60ปีขึ้นไป,181702,20,11.0070,0.1192,1.3120
เขตสุขภาพที่ 1,ภาคเหนือ,แม่ฮ่องสอน,0-4,14906,0,0.0000,0.0886,0.0000
เขตสุขภาพที่ 1,ภาคเหนือ,แม่ฮ่องสอน,10-14,17977,0,0.0000,0.0860,0.0000
เขตสุขภาพที่ 1,ภาคเหนือ,แม่ฮ่องสอน,15-19,19189,1,5.2113,0.0847,0.4414
เขตสุขภาพที่ 1,ภาคเหนือ,แม่ฮ่องสอน,20-24,19022,3,15.7712,0.0822,1.2964
เขตสุขภาพที่ 1,ภาคเหนือ,แม่ฮ่องสอน,25-29,20203,4,19.7990,0.0793,1.5701
เขตสุขภาพที่ 1,ภาคเหนือ,แม่ฮ่องสอน,30-34,18860,0,0.0000,0.0761,0.0000
เขตสุขภาพที่ 1,ภาคเหนือ,แม่ฮ่องสอน,35-39,18444,4,21.6873,0.0715,1.5506
เขตสุขภาพที่ 1,ภาคเหนือ,แม่ฮ่องสอน,40-44,16252,1,6.1531,0.0659,0.4055
เขตสุขภาพที่ 1,ภาคเหนือ,แม่ฮ่องสอน,45-49,14783,4,27.0581,0.0604,1.6343
เขตสุขภาพที่ 1,ภาคเหนือ,แม่ฮ่องสอน,55-59,17918,0,0.0000,0.0869,0.0000
เขตสุขภาพที่ 1,ภาคเหนือ,แม่ฮ่องสอน,50-54,14592,1,6.8531,0.0537,0.3680
เขตสุขภาพที่ 1,ภาคเหนือ,แม่ฮ่องสอน,55-59,13690,1,7.3046,0.0455,0.3324
เขตสุขภาพที่ 1,ภาคเหนือ,แม่ฮ่องสอน,60ปีขึ้นไป,35386,7,19.7818,0.1192,2.3580
เขตสุขภาพที่ 1,ภาคเหนือ,แพร่,0-4,14330,0.0000,0.0000,0.0886,0.0000
เขตสุขภาพที่ 1,ภาคเหนือ,แพร่,10-14,19849,0.0000,0.0000,0.0860,0.0000
เขตสุขภาพที่ 1,ภาคเหนือ,แพร่,15-19,21331,2.0000,9.3760,0.0847,0.7941
เขตสุขภาพที่ 1,ภาคเหนือ,แพร่,20-24,24828,5.0000,20.1386,0.0822,1.6554
เขตสุขภาพที่ 1,ภาคเหนือ,แพร่,25-29,30171,1.0000,3.3144,0.0793,0.2628
เขตสุขภาพที่ 1,ภาคเหนือ,แพร่,30-34,29016,6.0000,20.6782,0.0761,1.5736
เขตสุขภาพที่ 1,ภาคเหนือ,แพร่,35-39,30151,5.0000,16.5832,0.0715,1.1857
เขตสุขภาพที่ 1,ภาคเหนือ,แพร่,40-44,30664,4.0000,13.0446,0.0659,0.8596
เขตสุขภาพที่ 1,ภาคเหนือ,แพร่,45-49,32097,3.0000,9.3467,0.0604,0.5645
เขตสุขภาพที่ 1,ภาคเหนือ,แพร่,55-59,17727,0.0000,0.0000,0.0869,0.0000
เขตสุขภาพที่ 1,ภาคเหนือ,แพร่,50-54,37671,7.0000,18.5819,0.0537,0.9978
เขตสุขภาพที่ 1,ภาคเหนือ,แพร่,55-59,40329,3.0000,7.4388,0.0455,0.3385
เขตสุขภาพที่ 1,ภาคเหนือ,แพร่,60ปีขึ้นไป,107174,14.0000,13.2477,0.1192,1.5791
เขตสุขภาพที่ 1,ภาคเหนือ,พะเยา,0-4,16921,0,0.0000,0.0886,0.0000
เขตสุขภาพที่ 1,ภาคเหนือ,พะเยา,10-14,21828,0,0.0000,0.0860,0.0000
เขตสุขภาพที่ 1,ภาคเหนือ,พะเยา,15-19,22941,0,0.0000,0.0847,0.0000
เขตสุขภาพที่ 1,ภาคเหนือ,พะเยา,20-24,28424,1,3.5182,0.0822,0.2892
เขตสุขภาพที่ 1,ภาคเหนือ,พะเยา,25-29,33242,3,9.0247,0.0793,0.7157
เขตสุขภาพที่ 1,ภาคเหนือ,พะเยา,30-34,30831,6,19.4609,0.0761,1.4810
เขตสุขภาพที่ 1,ภาคเหนือ,พะเยา,35-39,33054,4,12.1014,0.0715,0.8653
เขตสุขภาพที่ 1,ภาคเหนือ,พะเยา,40-44,32815,5,15.2369,0.0659,1.0041
เขตสุขภาพที่ 1,ภาคเหนือ,พะเยา,45-49,34543,5,14.4747,0.0604,0.8743
เขตสุขภาพที่ 1,ภาคเหนือ,พะเยา,55-59,20353,0,0.0000,0.0869,0.0000
เขตสุขภาพที่ 1,ภาคเหนือ,พะเยา,50-54,38745,8,20.6478,0.0537,1.1088
เขตสุขภาพที่ 1,ภาคเหนือ,พะเยา,55-59,42853,5,11.6678,0.0455,0.5309
เขตสุขภาพที่ 1,ภาคเหนือ,พะเยา,60ปีขึ้นไป,106952,12,11.2200,0.1192,1.3374
เขตสุขภาพที่ 1,ภาคเหนือ,น่าน,0-4,20439,0,0.0000,0.0886,0.0000
เขตสุขภาพที่ 1,ภาคเหนือ,น่าน,10-14,24858,0,0.0000,0.0860,0.0000
เขตสุขภาพที่ 1,ภาคเหนือ,น่าน,15-19,24931,0,0.0000,0.0847,0.0000
เขตสุขภาพที่ 1,ภาคเหนือ,น่าน,20-24,29229,0,0.0000,0.0822,0.0000
เขตสุขภาพที่ 1,ภาคเหนือ,น่าน,25-29,34566,5,14.4651,0.0793,1.1471
เขตสุขภาพที่ 1,ภาคเหนือ,น่าน,30-34,33092,6,18.1313,0.0761,1.3798
เขตสุขภาพที่ 1,ภาคเหนือ,น่าน,35-39,34112,4,11.7261,0.0715,0.8384
เขตสุขภาพที่ 1,ภาคเหนือ,น่าน,40-44,33494,5,14.9280,0.0659,0.9838
เขตสุขภาพที่ 1,ภาคเหนือ,น่าน,45-49,33640,3,8.9180,0.0604,0.5386
เขตสุขภาพที่ 1,ภาคเหนือ,น่าน,55-59,23902,0,0.0000,0.0869,0.0000
เขตสุขภาพที่ 1,ภาคเหนือ,น่าน,50-54,39618,3,7.5723,0.0537,0.4066
เขตสุขภาพที่ 1,ภาคเหนือ,น่าน,55-59,41798,4,9.5698,0.0455,0.4354
เขตสุขภาพที่ 1,ภาคเหนือ,น่าน,60ปีขึ้นไป,100837,19,18.8423,0.1192,2.2460
เขตสุขภาพที่ 1,ภาคเหนือ,เชียงใหม่,0-4,73264,0,0.0000,0.0886,0.0000
เขตสุขภาพที่ 1,ภาคเหนือ,เชียงใหม่,10-14,86727,0,0.0000,0.0860,0.0000
เขตสุขภาพที่ 1,ภาคเหนือ,เชียงใหม่,15-19,93148,2,2.1471,0.0847,0.1819
เขตสุขภาพที่ 1,ภาคเหนือ,เชียงใหม่,20-24,103166,9,8.7238,0.0822,0.7171
เขตสุขภาพที่ 1,ภาคเหนือ,เชียงใหม่,25-29,119408,17,14.2369,0.0793,1.1290
เขตสุขภาพที่ 1,ภาคเหนือ,เชียงใหม่,30-34,117048,18,15.3783,0.0761,1.1703
เขตสุขภาพที่ 1,ภาคเหนือ,เชียงใหม่,35-39,122997,25,20.3257,0.0715,1.4533
เขตสุขภาพที่ 1,ภาคเหนือ,เชียงใหม่,40-44,120456,20,16.6036,0.0659,1.0942
เขตสุขภาพที่ 1,ภาคเหนือ,เชียงใหม่,45-49,107424,18,16.7560,0.0604,1.0121
เขตสุขภาพที่ 1,ภาคเหนือ,เชียงใหม่,55-59,85351,0,0.0000,0.0869,0.0000
เขตสุขภาพที่ 1,ภาคเหนือ,เชียงใหม่,50-54,112366,17,15.1291,0.0537,0.8124
เขตสุขภาพที่ 1,ภาคเหนือ,เชียงใหม่,55-59,129111,32,24.7849,0.0455,1.1277
เขตสุขภาพที่ 1,ภาคเหนือ,เชียงใหม่,60ปีขึ้นไป,358197,58,16.1922,0.1192,1.9301
เขตสุขภาพที่ 1,ภาคเหนือ,เชียงราย,0-4,53822,0,0.0000,0.0886,0.0000
เขตสุขภาพที่ 1,ภาคเหนือ,เชียงราย,10-14,65051,1,1.5373,0.0860,0.1322
เขตสุขภาพที่ 1,ภาคเหนือ,เชียงราย,15-19,66601,5,7.5074,0.0847,0.6359
เขตสุขภาพที่ 1,ภาคเหนือ,เชียงราย,20-24,75576,3,3.9695,0.0822,0.3263
เขตสุขภาพที่ 1,ภาคเหนือ,เชียงราย,25-29,85645,4,4.6704,0.0793,0.3704
เขตสุขภาพที่ 1,ภาคเหนือ,เชียงราย,30-34,80683,18,22.3095,0.0761,1.6978
เขตสุขภาพที่ 1,ภาคเหนือ,เชียงราย,35-39,83339,16,19.1987,0.0715,1.3727
เขตสุขภาพที่ 1,ภาคเหนือ,เชียงราย,40-44,83892,16,19.0721,0.0659,1.2569
เขตสุขภาพที่ 1,ภาคเหนือ,เชียงราย,45-49,82065,9,10.9669,0.0604,0.6624
เขตสุขภาพที่ 1,ภาคเหนือ,เชียงราย,55-59,64739,0,0.0000,0.0869,0.0000
เขตสุขภาพที่ 1,ภาคเหนือ,เชียงราย,50-54,87484,15,17.1460,0.0537,0.9207
เขตสุขภาพที่ 1,ภาคเหนือ,เชียงราย,55-59,95474,15,15.7111,0.0455,0.7149
เขตสุขภาพที่ 1,ภาคเหนือ,เชียงราย,60ปีขึ้นไป,244172,49,20.4770,0.1192,2.4409
เขตสุขภาพที่ 10,ภาคตะวันออกเฉียงเหนือ,อุบลราชธานี,0-4,91619,0,0.000,0.089,0.000
เขตสุขภาพที่ 10,ภาคตะวันออกเฉียงเหนือ,อุบลราชธานี,15-19,122466,6,4.899,0.085,0.415
เขตสุขภาพที่ 10,ภาคตะวันออกเฉียงเหนือ,อุบลราชธานี,20-24,135121,6,4.440,0.082,0.365
เขตสุขภาพที่ 10,ภาคตะวันออกเฉียงเหนือ,อุบลราชธานี,25-29,145943,15,10.278,0.079,0.815
เขตสุขภาพที่ 10,ภาคตะวันออกเฉียงเหนือ,อุบลราชธานี,30-34,135188,15,11.096,0.076,0.844
เขตสุขภาพที่ 10,ภาคตะวันออกเฉียงเหนือ,อุบลราชธานี,35-39,137309,10,7.283,0.072,0.521
เขตสุขภาพที่ 10,ภาคตะวันออกเฉียงเหนือ,อุบลราชธานี,40-44,146451,14,9.560,0.066,0.630
เขตสุขภาพที่ 10,ภาคตะวันออกเฉียงเหนือ,อุบลราชธานี,40-44,117983,1,0.848,0.086,0.073
เขตสุขภาพที่ 10,ภาคตะวันออกเฉียงเหนือ,อุบลราชธานี,45-49,153667,10,6.508,0.060,0.393
เขตสุขภาพที่ 10,ภาคตะวันออกเฉียงเหนือ,อุบลราชธานี,45-49,110452,0,0.000,0.087,0.000
เขตสุขภาพที่ 10,ภาคตะวันออกเฉียงเหนือ,อุบลราชธานี,50-54,147908,10,6.761,0.054,0.363
เขตสุขภาพที่ 10,ภาคตะวันออกเฉียงเหนือ,อุบลราชธานี,55-59,119749,8,6.681,0.046,0.304
เขตสุขภาพที่ 10,ภาคตะวันออกเฉียงเหนือ,อุบลราชธานี,60ปีขึ้นไป,295638,15,5.074,0.119,0.605
เขตสุขภาพที่ 10,ภาคตะวันออกเฉียงเหนือ,อำนาจเจริญ,0-4,17529,0,0.0000,0.0886,0.0000
เขตสุขภาพที่ 10,ภาคตะวันออกเฉียงเหนือ,อำนาจเจริญ,15-19,23037,3,13.0225,0.0847,1.1030
เขตสุขภาพที่ 10,ภาคตะวันออกเฉียงเหนือ,อำนาจเจริญ,20-24,25244,1,3.9613,0.0822,0.3256
เขตสุขภาพที่ 10,ภาคตะวันออกเฉียงเหนือ,อำนาจเจริญ,25-29,29303,4,13.6505,0.0793,1.0825
เขตสุขภาพที่ 10,ภาคตะวันออกเฉียงเหนือ,อำนาจเจริญ,30-34,26862,2,7.4455,0.0761,0.5666
เขตสุขภาพที่ 10,ภาคตะวันออกเฉียงเหนือ,อำนาจเจริญ,35-39,27266,2,7.3351,0.0715,0.5245
เขตสุขภาพที่ 10,ภาคตะวันออกเฉียงเหนือ,อำนาจเจริญ,40-44,29141,2,6.8632,0.0659,0.4523
เขตสุขภาพที่ 10,ภาคตะวันออกเฉียงเหนือ,อำนาจเจริญ,40-44,22251,0,0.0000,0.0860,0.0000
เขตสุขภาพที่ 10,ภาคตะวันออกเฉียงเหนือ,อำนาจเจริญ,45-49,31745,2,6.3002,0.0604,0.3805
เขตสุขภาพที่ 10,ภาคตะวันออกเฉียงเหนือ,อำนาจเจริญ,45-49,20729,0,0.0000,0.0869,0.0000
เขตสุขภาพที่ 10,ภาคตะวันออกเฉียงเหนือ,อำนาจเจริญ,50-54,32017,2,6.2467,0.0537,0.3354
เขตสุขภาพที่ 10,ภาคตะวันออกเฉียงเหนือ,อำนาจเจริญ,55-59,26492,2,7.5494,0.0455,0.3435
เขตสุขภาพที่ 10,ภาคตะวันออกเฉียงเหนือ,อำนาจเจริญ,60ปีขึ้นไป,63883,3,4.6961,0.1192,0.5598
เขตสุขภาพที่ 10,ภาคตะวันออกเฉียงเหนือ,ศรีสะเกษ,0-4,67400,0,0.0000,0.0886,0.0000
เขตสุขภาพที่ 10,ภาคตะวันออกเฉียงเหนือ,ศรีสะเกษ,15-19,91049,2,2.1966,0.0847,0.1861
เขตสุขภาพที่ 10,ภาคตะวันออกเฉียงเหนือ,ศรีสะเกษ,20-24,102312,9,8.7966,0.0822,0.7231
เขตสุขภาพที่ 10,ภาคตะวันออกเฉียงเหนือ,ศรีสะเกษ,25-29,111624,10,8.9586,0.0793,0.7104
เขตสุขภาพที่ 10,ภาคตะวันออกเฉียงเหนือ,ศรีสะเกษ,30-34,100740,18,17.8678,0.0761,1.3597
เขตสุขภาพที่ 10,ภาคตะวันออกเฉียงเหนือ,ศรีสะเกษ,35-39,108566,13,11.9743,0.0715,0.8562
เขตสุขภาพที่ 10,ภาคตะวันออกเฉียงเหนือ,ศรีสะเกษ,40-44,116323,9,7.7371,0.0659,0.5099
เขตสุขภาพที่ 10,ภาคตะวันออกเฉียงเหนือ,ศรีสะเกษ,40-44,89898,0,0.0000,0.0860,0.0000
เขตสุขภาพที่ 10,ภาคตะวันออกเฉียงเหนือ,ศรีสะเกษ,45-49,122982,5,4.0656,0.0604,0.2456
เขตสุขภาพที่ 10,ภาคตะวันออกเฉียงเหนือ,ศรีสะเกษ,45-49,83052,0,0.0000,0.0869,0.0000
เขตสุขภาพที่ 10,ภาคตะวันออกเฉียงเหนือ,ศรีสะเกษ,50-54,116565,11,9.4368,0.0537,0.5068
เขตสุขภาพที่ 10,ภาคตะวันออกเฉียงเหนือ,ศรีสะเกษ,55-59,98274,10,10.1756,0.0455,0.4630
เขตสุขภาพที่ 10,ภาคตะวันออกเฉียงเหนือ,ศรีสะเกษ,60ปีขึ้นไป,248043,17,6.8537,0.1192,0.8170
เขตสุขภาพที่ 10,ภาคตะวันออกเฉียงเหนือ,ยโสธร,0-4,22389,0,0.0000,0.0886,0.0000
เขตสุขภาพที่ 10,ภาคตะวันออกเฉียงเหนือ,ยโสธร,15-19,30877,1,3.2387,0.0847,0.2743
เขตสุขภาพที่ 10,ภาคตะวันออกเฉียงเหนือ,ยโสธร,20-24,35579,2,5.6213,0.0822,0.4621
เขตสุขภาพที่ 10,ภาคตะวันออกเฉียงเหนือ,ยโสธร,25-29,39463,3,7.6021,0.0793,0.6028
เขตสุขภาพที่ 10,ภาคตะวันออกเฉียงเหนือ,ยโสธร,30-34,36583,3,8.2005,0.0761,0.6241
เขตสุขภาพที่ 10,ภาคตะวันออกเฉียงเหนือ,ยโสธร,35-39,38659,6,15.5203,0.0715,1.1097
เขตสุขภาพที่ 10,ภาคตะวันออกเฉียงเหนือ,ยโสธร,40-44,41891,1,2.3871,0.0659,0.1573
เขตสุขภาพที่ 10,ภาคตะวันออกเฉียงเหนือ,ยโสธร,40-44,29827,0,0.0000,0.0860,0.0000
เขตสุขภาพที่ 10,ภาคตะวันออกเฉียงเหนือ,ยโสธร,45-49,47410,1,2.1093,0.0604,0.1274
เขตสุขภาพที่ 10,ภาคตะวันออกเฉียงเหนือ,ยโสธร,45-49,28380,0,0.0000,0.0869,0.0000
เขตสุขภาพที่ 10,ภาคตะวันออกเฉียงเหนือ,ยโสธร,50-54,47426,3,6.3256,0.0537,0.3397
เขตสุขภาพที่ 10,ภาคตะวันออกเฉียงเหนือ,ยโสธร,55-59,38414,2,5.2064,0.0455,0.2369
เขตสุขภาพที่ 10,ภาคตะวันออกเฉียงเหนือ,ยโสธร,60ปีขึ้นไป,96706,5,5.1703,0.1192,0.6163
เขตสุขภาพที่ 10,ภาคตะวันออกเฉียงเหนือ,มุกดาหาร,0-4,16780,0,0.0000,0.0886,0.0000
เขตสุขภาพที่ 10,ภาคตะวันออกเฉียงเหนือ,มุกดาหาร,15-19,21881,0,0.0000,0.0847,0.0000
เขตสุขภาพที่ 10,ภาคตะวันออกเฉียงเหนือ,มุกดาหาร,20-24,23606,5,21.1811,0.0822,1.7411
เขตสุขภาพที่ 10,ภาคตะวันออกเฉียงเหนือ,มุกดาหาร,25-29,26165,1,3.8219,0.0793,0.3031
เขตสุขภาพที่ 10,ภาคตะวันออกเฉียงเหนือ,มุกดาหาร,30-34,24187,4,16.5378,0.0761,1.2585
เขตสุขภาพที่ 10,ภาคตะวันออกเฉียงเหนือ,มุกดาหาร,35-39,28255,4,14.1568,0.0715,1.0122
เขตสุขภาพที่ 10,ภาคตะวันออกเฉียงเหนือ,มุกดาหาร,40-44,28969,9,31.0677,0.0659,2.0474
เขตสุขภาพที่ 10,ภาคตะวันออกเฉียงเหนือ,มุกดาหาร,40-44,21700,0,0.0000,0.0860,0.0000
เขตสุขภาพที่ 10,ภาคตะวันออกเฉียงเหนือ,มุกดาหาร,45-49,29918,2,6.6849,0.0604,0.4038
เขตสุขภาพที่ 10,ภาคตะวันออกเฉียงเหนือ,มุกดาหาร,45-49,20562,0,0.0000,0.0869,0.0000
เขตสุขภาพที่ 10,ภาคตะวันออกเฉียงเหนือ,มุกดาหาร,50-54,28885,5,17.3100,0.0537,0.9295
เขตสุขภาพที่ 10,ภาคตะวันออกเฉียงเหนือ,มุกดาหาร,55-59,23314,0,0.0000,0.0455,0.0000
เขตสุขภาพที่ 10,ภาคตะวันออกเฉียงเหนือ,มุกดาหาร,60ปีขึ้นไป,54102,3,5.5451,0.1192,0.6610
เขตสุขภาพที่ 11,ภาคใต้,สุราษฎร์ธานี,0-4,57709,0,0.0000,0.0886,0.0000
เขตสุขภาพที่ 11,ภาคใต้,สุราษฎร์ธานี,15-19,68567,1,1.4584,0.0847,0.1235
เขตสุขภาพที่ 11,ภาคใต้,สุราษฎร์ธานี,20-24,72059,6,8.3265,0.0822,0.6844
เขตสุขภาพที่ 11,ภาคใต้,สุราษฎร์ธานี,25-29,77110,11,14.2653,0.0793,1.1312
เขตสุขภาพที่ 11,ภาคใต้,สุราษฎร์ธานี,30-34,76950,6,7.7973,0.0761,0.5934
เขตสุขภาพที่ 11,ภาคใต้,สุราษฎร์ธานี,35-39,81536,5,6.1323,0.0715,0.4385
เขตสุขภาพที่ 11,ภาคใต้,สุราษฎร์ธานี,40-44,83366,14,16.7934,0.0659,1.1067
เขตสุขภาพที่ 11,ภาคใต้,สุราษฎร์ธานี,40-44,72369,2,2.7636,0.0860,0.2377
เขตสุขภาพที่ 11,ภาคใต้,สุราษฎร์ธานี,45-49,83517,7,8.3815,0.0604,0.5062
เขตสุขภาพที่ 11,ภาคใต้,สุราษฎร์ธานี,45-49,69659,0,0.0000,0.0869,0.0000
เขตสุขภาพที่ 11,ภาคใต้,สุราษฎร์ธานี,50-54,80456,7,8.7004,0.0537,0.4672
เขตสุขภาพที่ 11,ภาคใต้,สุราษฎร์ธานี,55-59,69948,4,5.7185,0.0455,0.2602
เขตสุขภาพที่ 11,ภาคใต้,สุราษฎร์ธานี,60ปีขึ้นไป,168953,25,14.7970,0.1192,1.7638
เขตสุขภาพที่ 11,ภาคใต้,ระนอง,0-4,9638,0,0.0000,0.0886,0.0000
เขตสุขภาพที่ 11,ภาคใต้,ระนอง,15-19,11897,1,8.4055,0.0847,0.7119
เขตสุขภาพที่ 11,ภาคใต้,ระนอง,20-24,13230,0,0.0000,0.0822,0.0000
เขตสุขภาพที่ 11,ภาคใต้,ระนอง,25-29,13772,2,14.5222,0.0793,1.1516
เขตสุขภาพที่ 11,ภาคใต้,ระนอง,30-34,12472,0,0.0000,0.0761,0.0000
เขตสุขภาพที่ 11,ภาคใต้,ระนอง,35-39,13037,3,23.0114,0.0715,1.6453
เขตสุขภาพที่ 11,ภาคใต้,ระนอง,40-44,13468,0,0.0000,0.0659,0.0000
เขตสุขภาพที่ 11,ภาคใต้,ระนอง,40-44,12152,0,0.0000,0.0860,0.0000
เขตสุขภาพที่ 11,ภาคใต้,ระนอง,45-49,13954,0,0.0000,0.0604,0.0000
เขตสุขภาพที่ 11,ภาคใต้,ระนอง,45-49,11387,0,0.0000,0.0869,0.0000
เขตสุขภาพที่ 11,ภาคใต้,ระนอง,50-54,13503,3,22.2173,0.0537,1.1931
เขตสุขภาพที่ 11,ภาคใต้,ระนอง,55-59,11818,0,0.0000,0.0455,0.0000
เขตสุขภาพที่ 11,ภาคใต้,ระนอง,60ปีขึ้นไป,29001,1,3.4482,0.1192,0.4110
เขตสุขภาพที่ 11,ภาคใต้,ภูเก็ต,0-4,24379,0,0.0000,0.0886,0.0000
เขตสุขภาพที่ 11,ภาคใต้,ภูเก็ต,15-19,26967,1,3.7082,0.0847,0.3141
เขตสุขภาพที่ 11,ภาคใต้,ภูเก็ต,20-24,27015,1,3.7016,0.0822,0.3043
เขตสุขภาพที่ 11,ภาคใต้,ภูเก็ต,25-29,31369,1,3.1879,0.0793,0.2528
เขตสุขภาพที่ 11,ภาคใต้,ภูเก็ต,30-34,31387,2,6.3721,0.0761,0.4849
เขตสุขภาพที่ 11,ภาคใต้,ภูเก็ต,35-39,34339,2,5.8243,0.0715,0.4164
เขตสุขภาพที่ 11,ภาคใต้,ภูเก็ต,40-44,37092,3,8.0880,0.0659,0.5330
เขตสุขภาพที่ 11,ภาคใต้,ภูเก็ต,40-44,28616,1,3.4945,0.0860,0.3005
เขตสุขภาพที่ 11,ภาคใต้,ภูเก็ต,45-49,32174,1,3.1081,0.0604,0.1877
เขตสุขภาพที่ 11,ภาคใต้,ภูเก็ต,45-49,28738,0,0.0000,0.0869,0.0000
เขตสุขภาพที่ 11,ภาคใต้,ภูเก็ต,50-54,29455,3,10.1850,0.0537,0.5469
เขตสุขภาพที่ 11,ภาคใต้,ภูเก็ต,55-59,23772,2,8.4133,0.0455,0.3828
เขตสุขภาพที่ 11,ภาคใต้,ภูเก็ต,60ปีขึ้นไป,49932,3,6.0082,0.1192,0.7162
เขตสุขภาพที่ 11,ภาคใต้,พังงา,0-4,13396,0,0.0000,0.0886,0.0000
เขตสุขภาพที่ 11,ภาคใต้,พังงา,15-19,17188,0,0.0000,0.0847,0.0000
เขตสุขภาพที่ 11,ภาคใต้,พังงา,20-24,17471,0,0.0000,0.0822,0.0000
เขตสุขภาพที่ 11,ภาคใต้,พังงา,25-29,19112,2,10.4646,0.0793,0.8298
เขตสุขภาพที่ 11,ภาคใต้,พังงา,30-34,18313,1,5.4606,0.0761,0.4156
เขตสุขภาพที่ 11,ภาคใต้,พังงา,35-39,19291,1,5.1838,0.0715,0.3706
เขตสุขภาพที่ 11,ภาคใต้,พังงา,40-44,20093,3,14.9306,0.0659,0.9839
เขตสุขภาพที่ 11,ภาคใต้,พังงา,40-44,17750,0,0.0000,0.0860,0.0000
เขตสุขภาพที่ 11,ภาคใต้,พังงา,45-49,19645,1,5.0904,0.0604,0.3075
เขตสุขภาพที่ 11,ภาคใต้,พังงา,45-49,16703,0,0.0000,0.0869,0.0000
เขตสุขภาพที่ 11,ภาคใต้,พังงา,50-54,19830,0,0.0000,0.0537,0.0000
เขตสุขภาพที่ 11,ภาคใต้,พังงา,55-59,18101,2,11.0491,0.0455,0.5027
เขตสุขภาพที่ 11,ภาคใต้,พังงา,60ปีขึ้นไป,47110,3,6.3681,0.1192,0.7591
เขตสุขภาพที่ 11,ภาคใต้,นครศรีธรรมราช,0-4,77272,0,0.0000,0.0886,0.0000
เขตสุขภาพที่ 11,ภาคใต้,นครศรีธรรมราช,15-19,96064,4,4.1639,0.0847,0.3527
เขตสุขภาพที่ 11,ภาคใต้,นครศรีธรรมราช,20-24,109215,4,3.6625,0.0822,0.3011
เขตสุขภาพที่ 11,ภาคใต้,นครศรีธรรมราช,25-29,112604,16,14.2091,0.0793,1.1268
เขตสุขภาพที่ 11,ภาคใต้,นครศรีธรรมราช,30-34,111110,17,15.3002,0.0761,1.1643
เขตสุขภาพที่ 11,ภาคใต้,นครศรีธรรมราช,35-39,116678,13,11.1418,0.0715,0.7966
เขตสุขภาพที่ 11,ภาคใต้,นครศรีธรรมราช,40-44,119413,11,9.2117,0.0659,0.6071
เขตสุขภาพที่ 11,ภาคใต้,นครศรีธรรมราช,40-44,98096,0,0.0000,0.0860,0.0000
เขตสุขภาพที่ 11,ภาคใต้,นครศรีธรรมราช,45-49,117594,14,11.9054,0.0604,0.7191
เขตสุขภาพที่ 11,ภาคใต้,นครศรีธรรมราช,45-49,95219,0,0.0000,0.0869,0.0000
เขตสุขภาพที่ 11,ภาคใต้,นครศรีธรรมราช,50-54,110585,8,7.2343,0.0537,0.3885
เขตสุขภาพที่ 11,ภาคใต้,นครศรีธรรมราช,55-59,101037,8,7.9179,0.0455,0.3603
เขตสุขภาพที่ 11,ภาคใต้,นครศรีธรรมราช,60ปีขึ้นไป,282213,31,10.9846,0.1192,1.3094
เขตสุขภาพที่ 11,ภาคใต้,ชุมพร,0-4,24381,0,0.0000,0.0886,0.0000
เขตสุขภาพที่ 11,ภาคใต้,ชุมพร,15-19,30293,0,0.0000,0.0847,0.0000
เขตสุขภาพที่ 11,ภาคใต้,ชุมพร,20-24,34083,4,11.7361,0.0822,0.9647
เขตสุขภาพที่ 11,ภาคใต้,ชุมพร,25-29,36453,2,5.4865,0.0793,0.4351
เขตสุขภาพที่ 11,ภาคใต้,ชุมพร,30-34,35382,2,5.6526,0.0761,0.4302
เขตสุขภาพที่ 11,ภาคใต้,ชุมพร,35-39,36616,2,5.4621,0.0715,0.3905
เขตสุขภาพที่ 11,ภาคใต้,ชุมพร,40-44,38299,2,5.2221,0.0659,0.3441
เขตสุขภาพที่ 11,ภาคใต้,ชุมพร,40-44,30830,0,0.0000,0.0860,0.0000
เขตสุขภาพที่ 11,ภาคใต้,ชุมพร,45-49,39540,3,7.5873,0.0604,0.4583
เขตสุขภาพที่ 11,ภาคใต้,ชุมพร,45-49,29489,0,0.0000,0.0869,0.0000
เขตสุขภาพที่ 11,ภาคใต้,ชุมพร,50-54,40302,4,9.9251,0.0537,0.5330
เขตสุขภาพที่ 11,ภาคใต้,ชุมพร,55-59,35734,4,11.1938,0.0455,0.5093
เขตสุขภาพที่ 11,ภาคใต้,ชุมพร,60ปีขึ้นไป,93839,16,17.0505,0.1192,2.0324
เขตสุขภาพที่ 11,ภาคใต้,กระบี่,0-4,29612,0,0.0000,0.0886,0.0000
เขตสุขภาพที่ 11,ภาคใต้,กระบี่,15-19,34613,2,5.7782,0.0847,0.4894
เขตสุขภาพที่ 11,ภาคใต้,กระบี่,20-24,33306,3,9.0074,0.0822,0.7404
เขตสุขภาพที่ 11,ภาคใต้,กระบี่,25-29,36120,4,11.0742,0.0793,0.8782
เขตสุขภาพที่ 11,ภาคใต้,กระบี่,30-34,37510,2,5.3319,0.0761,0.4058
เขตสุขภาพที่ 11,ภาคใต้,กระบี่,35-39,38051,6,15.7683,0.0715,1.1274
เขตสุขภาพที่ 11,ภาคใต้,กระบี่,40-44,37584,4,10.6428,0.0659,0.7014
เขตสุขภาพที่ 11,ภาคใต้,กระบี่,40-44,37419,0,0.0000,0.086,0.0000
เขตสุขภาพที่ 11,ภาคใต้,กระบี่,45-49,35487,3,8.4538,0.0604,0.5106
เขตสุขภาพที่ 11,ภาคใต้,กระบี่,45-49,36018,0,0.0000,0.0869,0.0000
เขตสุขภาพที่ 11,ภาคใต้,กระบี่,50-54,31717,2,6.3058,0.0537,0.3386
เขตสุขภาพที่ 11,ภาคใต้,กระบี่,55-59,27537,3,10.8944,0.0455,0.4957
เขตสุขภาพที่ 11,ภาคใต้,กระบี่,60ปีขึ้นไป,61392,8,13.0310,0.1192,1.5533
เขตสุขภาพที่ 12,ภาคใต้,สตูล,0-4,20919,0,0.0000,0.0886,0.0000
เขตสุขภาพที่ 12,ภาคใต้,สตูล,15-19,24134,0,0.0000,0.0847,0.0000
เขตสุขภาพที่ 12,ภาคใต้,สตูล,20-24,23331,2,8.5723,0.0822,0.7046
เขตสุขภาพที่ 12,ภาคใต้,สตูล,25-29,24885,0,0.0000,0.0793,0.0000
เขตสุขภาพที่ 12,ภาคใต้,สตูล,30-34,25196,2,7.9378,0.0761,0.6041
เขตสุขภาพที่ 12,ภาคใต้,สตูล,35-39,25014,1,3.9978,0.0715,0.2858
เขตสุขภาพที่ 12,ภาคใต้,สตูล,40-44,23817,3,12.5960,0.0659,0.8301
เขตสุขภาพที่ 12,ภาคใต้,สตูล,40-44,25241,0,0.0000,0.0860,0.0000
เขตสุขภาพที่ 12,ภาคใต้,สตูล,45-49,22840,1,4.3783,0.0604,0.2644
เขตสุขภาพที่ 12,ภาคใต้,สตูล,45-49,25461,0,0.0000,0.0869,0.0000
เขตสุขภาพที่ 12,ภาคใต้,สตูล,50-54,21017,1,4.7581,0.0537,0.2555
เขตสุขภาพที่ 12,ภาคใต้,สตูล,55-59,18256,2,10.9553,0.0455,0.4985
เขตสุขภาพที่ 12,ภาคใต้,สตูล,60ปีขึ้นไป,43834,1,2.2813,0.1192,0.2719
เขตสุขภาพที่ 12,ภาคใต้,สงขลา,0-4,78579,0,0.0000,0.0886,0.0000
เขตสุขภาพที่ 12,ภาคใต้,สงขลา,15-19,97617,3,3.0732,0.0847,0.2603
เขตสุขภาพที่ 12,ภาคใต้,สงขลา,20-24,103263,5,4.8420,0.0822,0.3980
เขตสุขภาพที่ 12,ภาคใต้,สงขลา,25-29,105994,10,9.4345,0.0793,0.7482
เขตสุขภาพที่ 12,ภาคใต้,สงขลา,30-34,103077,9,8.7313,0.0761,0.6645
เขตสุขภาพที่ 12,ภาคใต้,สงขลา,35-39,106209,12,11.2985,0.0715,0.8078
เขตสุขภาพที่ 12,ภาคใต้,สงขลา,40-44,107202,15,13.9923,0.0659,0.9221
เขตสุขภาพที่ 12,ภาคใต้,สงขลา,40-44,96625,1,1.0349,0.0860,0.0890
เขตสุขภาพที่ 12,ภาคใต้,สงขลา,45-49,105063,8,7.6145,0.0604,0.4599
เขตสุขภาพที่ 12,ภาคใต้,สงขลา,45-49,94560,0,0.0000,0.0869,0.0000
เขตสุขภาพที่ 12,ภาคใต้,สงขลา,50-54,97590,5,5.1235,0.0537,0.2751
เขตสุขภาพที่ 12,ภาคใต้,สงขลา,55-59,89340,9,10.0739,0.0455,0.4584
เขตสุขภาพที่ 12,ภาคใต้,สงขลา,60ปีขึ้นไป,234966,18,7.6607,0.1192,0.9132
เขตสุขภาพที่ 12,ภาคใต้,ยะลา,0-4,44099,0,0.0000,0.0886,0.0000
เขตสุขภาพที่ 12,ภาคใต้,ยะลา,15-19,44093,0,0.0000,0.0847,0.0000
เขตสุขภาพที่ 12,ภาคใต้,ยะลา,20-24,44745,1,2.2349,0.0822,0.1837
เขตสุขภาพที่ 12,ภาคใต้,ยะลา,25-29,45237,2,4.4212,0.0793,0.3506
เขตสุขภาพที่ 12,ภาคใต้,ยะลา,30-34,41805,0,0.0000,0.0761,0.0000
เขตสุขภาพที่ 12,ภาคใต้,ยะลา,35-39,36093,1,2.7706,0.0715,0.1981
เขตสุขภาพที่ 12,ภาคใต้,ยะลา,40-44,33324,1,3.0008,0.0659,0.1978
เขตสุขภาพที่ 12,ภาคใต้,ยะลา,40-44,45865,0,0.0000,0.0860,0.0000
เขตสุขภาพที่ 12,ภาคใต้,ยะลา,45-49,31067,2,6.4377,0.0604,0.3888
เขตสุขภาพที่ 12,ภาคใต้,ยะลา,45-49,47386,0,0.0000,0.0869,0.0000
เขตสุขภาพที่ 12,ภาคใต้,ยะลา,50-54,29866,2,6.6966,0.0537,0.3596
เขตสุขภาพที่ 12,ภาคใต้,ยะลา,55-59,28456,0,0.0000,0.0455,0.0000
เขตสุขภาพที่ 12,ภาคใต้,ยะลา,60ปีขึ้นไป,66924,2,3.1410,0.1192,0.3744
เขตสุขภาพที่ 12,ภาคใต้,พัทลุง,0-4,24447,0,0.0000,0.0886,0.0000
เขตสุขภาพที่ 12,ภาคใต้,พัทลุง,15-19,30986,1,3.2273,0.0847,0.2733
เขตสุขภาพที่ 12,ภาคใต้,พัทลุง,20-24,33851,2,5.9082,0.0822,0.4857
เขตสุขภาพที่ 12,ภาคใต้,พัทลุง,25-29,38244,4,10.4592,0.0793,0.8294
เขตสุขภาพที่ 12,ภาคใต้,พัทลุง,30-34,35921,2,5.5678,0.0761,0.4237
เขตสุขภาพที่ 12,ภาคใต้,พัทลุง,35-39,37902,6,15.8303,0.0715,1.1319
เขตสุขภาพที่ 12,ภาคใต้,พัทลุง,40-44,40000,9,22.5000,0.0659,1.4828
เขตสุขภาพที่ 12,ภาคใต้,พัทลุง,40-44,32497,0,0.0000,0.0860,0.0000
เขตสุขภาพที่ 12,ภาคใต้,พัทลุง,45-49,41069,4,9.7397,0.0604,0.5883
เขตสุขภาพที่ 12,ภาคใต้,พัทลุง,45-49,30950,0,0.0000,0.0869,0.0000
เขตสุขภาพที่ 12,ภาคใต้,พัทลุง,50-54,39609,4,10.0987,0.0537,0.5423
เขตสุขภาพที่ 12,ภาคใต้,พัทลุง,55-59,35121,1,2.8473,0.0455,0.1296
เขตสุขภาพที่ 12,ภาคใต้,พัทลุง,60ปีขึ้นไป,101875,8,7.8528,0.1192,0.9360
เขตสุขภาพที่ 12,ภาคใต้,ปัตตานี,0-4,59992,0,0.0000,0.0886,0.0000
เขตสุขภาพที่ 12,ภาคใต้,ปัตตานี,15-19,60780,0,0.0000,0.0847,0.0000
เขตสุขภาพที่ 12,ภาคใต้,ปัตตานี,20-24,65296,0,0.0000,0.0822,0.0000
เขตสุขภาพที่ 12,ภาคใต้,ปัตตานี,25-29,60936,2,3.2821,0.0793,0.2603
เขตสุขภาพที่ 12,ภาคใต้,ปัตตานี,30-34,55432,1,1.8040,0.0761,0.1373
เขตสุขภาพที่ 12,ภาคใต้,ปัตตานี,35-39,48701,0,0.0000,0.0715,0.0000
เขตสุขภาพที่ 12,ภาคใต้,ปัตตานี,40-44,43788,0,0.0000,0.0659,0.0000
เขตสุขภาพที่ 12,ภาคใต้,ปัตตานี,40-44,62758,0,0.0000,0.0860,0.0000
เขตสุขภาพที่ 12,ภาคใต้,ปัตตานี,45-49,40980,2,4.8804,0.0604,0.2948
เขตสุขภาพที่ 12,ภาคใต้,ปัตตานี,45-49,64122,0,0.0000,0.0869,0.0000
เขตสุขภาพที่ 12,ภาคใต้,ปัตตานี,50-54,38612,0,0.0000,0.0537,0.0000
เขตสุขภาพที่ 12,ภาคใต้,ปัตตานี,55-59,35083,0,0.0000,0.0455,0.0000
เขตสุขภาพที่ 12,ภาคใต้,ปัตตานี,60ปีขึ้นไป,89725,2,2.3507,0.1192,0.2802
เขตสุขภาพที่ 12,ภาคใต้,นราธิวาส,0-4,62468,0,0.0000,0.0886,0.0000
เขตสุขภาพที่ 12,ภาคใต้,นราธิวาส,15-19,65356,0,0.0000,0.0847,0.0000
เขตสุขภาพที่ 12,ภาคใต้,นราธิวาส,20-24,66722,0,0.0000,0.0822,0.0000
เขตสุขภาพที่ 12,ภาคใต้,นราธิวาส,25-29,66452,3,4.5145,0.0793,0.3580
เขตสุขภาพที่ 12,ภาคใต้,นราธิวาส,30-34,63218,0,0.0000,0.0761,0.0000
เขตสุขภาพที่ 12,ภาคใต้,นราธิวาส,35-39,59790,2,3.3450,0.0715,0.2392
เขตสุขภาพที่ 12,ภาคใต้,นราธิวาส,40-44,52380,1,1.9091,0.0659,0.1258
เขตสุขภาพที่ 12,ภาคใต้,นราธิวาส,40-44,68188,1,1.4665,0.0860,0.1261
เขตสุขภาพที่ 12,ภาคใต้,นราธิวาส,45-49,48998,1,2.0409,0.0604,0.1233
เขตสุขภาพที่ 12,ภาคใต้,นราธิวาส,45-49,68543,0,0.0000,0.0869,0.0000
เขตสุขภาพที่ 12,ภาคใต้,นราธิวาส,50-54,45887,0,0.0000,0.0537,0.0000
เขตสุขภาพที่ 12,ภาคใต้,นราธิวาส,55-59,41830,1,2.3906,0.0455,0.1088
เขตสุขภาพที่ 12,ภาคใต้,นราธิวาส,60ปีขึ้นไป,95996,4,4.3706,0.1192,0.5210
เขตสุขภาพที่ 12,ภาคใต้,ตรัง,0-4,31128,0,0.0000,0.0886,0.0000
เขตสุขภาพที่ 12,ภาคใต้,ตรัง,15-19,42069,0,0.0000,0.0847,0.0000
เขตสุขภาพที่ 12,ภาคใต้,ตรัง,20-24,44159,4,9.0582,0.0822,0.7446
เขตสุขภาพที่ 12,ภาคใต้,ตรัง,25-29,48645,2,4.1114,0.0793,0.3260
เขตสุขภาพที่ 12,ภาคใต้,ตรัง,30-34,47010,3,6.3816,0.0761,0.4856
เขตสุขภาพที่ 12,ภาคใต้,ตรัง,35-39,48416,11,22.7198,0.0715,1.6245
เขตสุขภาพที่ 12,ภาคใต้,ตรัง,40-44,49182,5,10.1663,0.0659,0.6700
เขตสุขภาพที่ 12,ภาคใต้,ตรัง,40-44,42975,0,0.0000,0.0860,0.0000
เขตสุขภาพที่ 12,ภาคใต้,ตรัง,45-49,48010,5,10.4145,0.0604,0.6290
เขตสุขภาพที่ 12,ภาคใต้,ตรัง,45-49,40187,0,0.0000,0.0869,0.0000
เขตสุขภาพที่ 12,ภาคใต้,ตรัง,50-54,46004,2,4.3474,0.0537,0.2335
เขตสุขภาพที่ 12,ภาคใต้,ตรัง,55-59,42913,2,4.6606,0.0455,0.2121
เขตสุขภาพที่ 12,ภาคใต้,ตรัง,60ปีขึ้นไป,108075,11,10.1781,0.1192,1.2132
เขตสุขภาพที่ 13,ภาคกลาง,กรุงเทพมหานคร(เขต13),0-4,209680,0,0.0000,0.0886,0.0000
เขตสุขภาพที่ 13,ภาคกลาง,กรุงเทพมหานคร(เขต13),15-19,304474,13,4.2697,0.0847,0.3616
เขตสุขภาพที่ 13,ภาคกลาง,กรุงเทพมหานคร(เขต13),20-24,357056,22,6.1615,0.0822,0.5065
เขตสุขภาพที่ 13,ภาคกลาง,กรุงเทพมหานคร(เขต13),25-29,391614,25,6.3838,0.0793,0.5062
เขตสุขภาพที่ 13,ภาคกลาง,กรุงเทพมหานคร(เขต13),30-34,374216,28,7.4823,0.0761,0.5694
เขตสุขภาพที่ 13,ภาคกลาง,กรุงเทพมหานคร(เขต13),35-39,413532,28,6.7709,0.0715,0.4841
เขตสุขภาพที่ 13,ภาคกลาง,กรุงเทพมหานคร(เขต13),40-44,451793,25,5.5335,0.0659,0.3647
เขตสุขภาพที่ 13,ภาคกลาง,กรุงเทพมหานคร(เขต13),40-44,282405,1,0.3541,0.0860,0.0305
เขตสุขภาพที่ 13,ภาคกลาง,กรุงเทพมหานคร(เขต13),45-49,433578,25,5.7660,0.0604,0.3483
เขตสุขภาพที่ 13,ภาคกลาง,กรุงเทพมหานคร(เขต13),45-49,257136,0,0.0000,0.0869,0.0000
เขตสุขภาพที่ 13,ภาคกลาง,กรุงเทพมหานคร(เขต13),50-54,433932,12,2.7654,0.0537,0.1485
เขตสุขภาพที่ 13,ภาคกลาง,กรุงเทพมหานคร(เขต13),55-59,412313,19,4.6081,0.0455,0.2097
เขตสุขภาพที่ 13,ภาคกลาง,กรุงเทพมหานคร(เขต13),60ปีขึ้นไป,1136257,48,4.2244,0.1192,0.5035
เขตสุขภาพที่ 2,ภาคเหนือ,อุตรดิตถ์,0-4,15878,0,0.0000,0.0886,0.0000
เขตสุขภาพที่ 2,ภาคเหนือ,อุตรดิตถ์,10-14,23394,0,0.0000,0.0860,0.0000
เขตสุขภาพที่ 2,ภาคเหนือ,อุตรดิตถ์,15-19,25317,1,3.9499,0.0847,0.3346
เขตสุขภาพที่ 2,ภาคเหนือ,อุตรดิตถ์,20-24,28820,5,17.3491,0.0822,1.4261
เขตสุขภาพที่ 2,ภาคเหนือ,อุตรดิตถ์,25-29,29705,2,6.7329,0.0793,0.5339
เขตสุขภาพที่ 2,ภาคเหนือ,อุตรดิตถ์,30-34,27728,2,7.2129,0.0761,0.5489
เขตสุขภาพที่ 2,ภาคเหนือ,อุตรดิตถ์,35-39,29105,0,0.0000,0.0715,0.0000
เขตสุขภาพที่ 2,ภาคเหนือ,อุตรดิตถ์,40-44,33055,5,15.1263,0.0659,0.9968
เขตสุขภาพที่ 2,ภาคเหนือ,อุตรดิตถ์,45-49,36798,0,0.0000,0.0604,0.0000
เขตสุขภาพที่ 2,ภาคเหนือ,อุตรดิตถ์,55-59,20859,0,0.0000,0.0869,0.0000
เขตสุขภาพที่ 2,ภาคเหนือ,อุตรดิตถ์,50-54,37362,6,16.0591,0.0537,0.8624
เขตสุขภาพที่ 2,ภาคเหนือ,อุตรดิตถ์,55-59,37124,2,5.3874,0.0455,0.2451
เขตสุขภาพที่ 2,ภาคเหนือ,อุตรดิตถ์,60ปีขึ้นไป,101204,13,12.8453,0.1192,1.5312
เขตสุขภาพที่ 2,ภาคกลาง,สุโขทัย,0-4,22387,0,0.0000,0.0886,0.0000
เขตสุขภาพที่ 2,ภาคกลาง,สุโขทัย,10-14,32120,1,3.1133,0.0860,0.2677
เขตสุขภาพที่ 2,ภาคกลาง,สุโขทัย,15-19,32592,1,3.0682,0.0847,0.2599
เขตสุขภาพที่ 2,ภาคกลาง,สุโขทัย,20-24,35027,3,8.5648,0.0822,0.7040
เขตสุขภาพที่ 2,ภาคกลาง,สุโขทัย,25-29,39812,3,7.5354,0.0793,0.5976
เขตสุขภาพที่ 2,ภาคกลาง,สุโขทัย,30-34,37475,3,8.0053,0.0761,0.6092
เขตสุขภาพที่ 2,ภาคกลาง,สุโขทัย,35-39,39058,6,15.3618,0.0715,1.0984
เขตสุขภาพที่ 2,ภาคกลาง,สุโขทัย,40-44,44467,3,6.7466,0.0659,0.4446
เขตสุขภาพที่ 2,ภาคกลาง,สุโขทัย,45-49,48042,5,10.4076,0.0604,0.6286
เขตสุขภาพที่ 2,ภาคกลาง,สุโขทัย,55-59,28991,0,0.0000,0.0869,0.0000
เขตสุขภาพที่ 2,ภาคกลาง,สุโขทัย,50-54,49309,1,2.0280,0.0537,0.1089
เขตสุขภาพที่ 2,ภาคกลาง,สุโขทัย,55-59,49744,5,10.0515,0.0455,0.4573
เขตสุขภาพที่ 2,ภาคกลาง,สุโขทัย,60ปีขึ้นไป,126889,18,14.1856,0.1192,1.6909
เขตสุขภาพที่ 2,ภาคกลาง,เพชรบูรณ์,0-4,43426,0,0.0000,0.0886,0.0000
เขตสุขภาพที่ 2,ภาคกลาง,เพชรบูรณ์,10-14,56955,0,0.0000,0.0860,0.0000
เขตสุขภาพที่ 2,ภาคกลาง,เพชรบูรณ์,15-19,58622,3,5.1175,0.0847,0.4335
เขตสุขภาพที่ 2,ภาคกลาง,เพชรบูรณ์,20-24,65444,6,9.1681,0.0822,0.7536
เขตสุขภาพที่ 2,ภาคกลาง,เพชรบูรณ์,25-29,69133,11,15.9114,0.0793,1.2618
เขตสุขภาพที่ 2,ภาคกลาง,เพชรบูรณ์,30-34,64694,9,13.9116,0.0761,1.0587
เขตสุขภาพที่ 2,ภาคกลาง,เพชรบูรณ์,35-39,71569,12,16.7670,0.0715,1.1988
เขตสุขภาพที่ 2,ภาคกลาง,เพชรบูรณ์,40-44,77528,12,15.4783,0.0659,1.0200
เขตสุขภาพที่ 2,ภาคกลาง,เพชรบูรณ์,45-49,78876,8,10.1425,0.0604,0.6126
เขตสุขภาพที่ 2,ภาคกลาง,เพชรบูรณ์,55-59,53386,0,0.0000,0.0869,0.0000
เขตสุขภาพที่ 2,ภาคกลาง,เพชรบูรณ์,50-54,77345,9,11.6362,0.0537,0.6249
เขตสุขภาพที่ 2,ภาคกลาง,เพชรบูรณ์,55-59,72507,10,13.7918,0.0455,0.6275
เขตสุขภาพที่ 2,ภาคกลาง,เพชรบูรณ์,60ปีขึ้นไป,188726,19,10.0675,0.1192,1.2000
เขตสุขภาพที่ 2,ภาคกลาง,พิษณุโลก,0-4,36202,0,0.0000,0.0886,0.0000
เขตสุขภาพที่ 2,ภาคกลาง,พิษณุโลก,10-14,46906,0,0.0000,0.0860,0.0000
เขตสุขภาพที่ 2,ภาคกลาง,พิษณุโลก,15-19,48484,1,2.0625,0.0847,0.1747
เขตสุขภาพที่ 2,ภาคกลาง,พิษณุโลก,20-24,58667,3,5.1136,0.0822,0.4203
เขตสุขภาพที่ 2,ภาคกลาง,พิษณุโลก,25-29,59360,3,5.0539,0.0793,0.4008
เขตสุขภาพที่ 2,ภาคกลาง,พิษณุโลก,30-34,56399,6,10.6385,0.0761,0.8096
เขตสุขภาพที่ 2,ภาคกลาง,พิษณุโลก,35-39,60745,6,9.8774,0.0715,0.7062
เขตสุขภาพที่ 2,ภาคกลาง,พิษณุโลก,40-44,64030,4,6.2471,0.0659,0.4117
เขตสุขภาพที่ 2,ภาคกลาง,พิษณุโลก,45-49,65669,6,9.1367,0.0604,0.5519
เขตสุขภาพที่ 2,ภาคกลาง,พิษณุโลก,55-59,44129,0,0.0000,0.0869,0.0000
เขตสุขภาพที่ 2,ภาคกลาง,พิษณุโลก,50-54,68056,5,7.3469,0.0537,0.3945
เขตสุขภาพที่ 2,ภาคกลาง,พิษณุโลก,55-59,67260,6,8.9206,0.0455,0.4059
เขตสุขภาพที่ 2,ภาคกลาง,พิษณุโลก,60ปีขึ้นไป,170908,18,10.5320,0.1192,1.2554
เขตสุขภาพที่ 2,ภาคตะวันตก,ตาก,0-4,35392,0,0.0000,0.0886,0.0000
เขตสุขภาพที่ 2,ภาคตะวันตก,ตาก,10-14,42698,0,0.0000,0.0860,0.0000
เขตสุขภาพที่ 2,ภาคตะวันตก,ตาก,15-19,43935,5,11.3804,0.0847,0.9639
เขตสุขภาพที่ 2,ภาคตะวันตก,ตาก,20-24,42801,10,23.3639,0.0822,1.9205
เขตสุขภาพที่ 2,ภาคตะวันตก,ตาก,25-29,42352,6,14.1670,0.0793,1.1234
เขตสุขภาพที่ 2,ภาคตะวันตก,ตาก,30-34,37819,4,10.5767,0.0761,0.8049
เขตสุขภาพที่ 2,ภาคตะวันตก,ตาก,35-39,36464,11,30.1667,0.0715,2.1569
เขตสุขภาพที่ 2,ภาคตะวันตก,ตาก,40-44,36838,9,24.4313,0.0659,1.6100
เขตสุขภาพที่ 2,ภาคตะวันตก,ตาก,45-49,35916,6,16.7056,0.0604,1.0090
เขตสุขภาพที่ 2,ภาคตะวันตก,ตาก,55-59,40696,0,0.0000,0.0869,0.0000
เขตสุขภาพที่ 2,ภาคตะวันตก,ตาก,50-54,34909,5,14.3230,0.0537,0.7691
เขตสุขภาพที่ 2,ภาคตะวันตก,ตาก,55-59,32821,8,24.3746,0.0455,1.1090
เขตสุขภาพที่ 2,ภาคตะวันตก,ตาก,60ปีขึ้นไป,81620,21,25.7290,0.1192,3.0669
เขตสุขภาพที่ 3,ภาคกลาง,อุทัยธานี,0-4,14499,0,0.0000,0.0886,0.0000
เขตสุขภาพที่ 3,ภาคกลาง,อุทัยธานี,10-14,19092,0,0.0000,0.0860,0.0000
เขตสุขภาพที่ 3,ภาคกลาง,อุทัยธานี,15-19,19487,0,0.0000,0.0847,0.0000
เขตสุขภาพที่ 3,ภาคกลาง,อุทัยธานี,20-24,20434,1,4.8938,0.0822,0.4023
เขตสุขภาพที่ 3,ภาคกลาง,อุทัยธานี,25-29,22443,0,0.0000,0.0793,0.0000
เขตสุขภาพที่ 3,ภาคกลาง,อุทัยธานี,30-34,21260,1,4.7037,0.0761,0.3579
เขตสุขภาพที่ 3,ภาคกลาง,อุทัยธานี,35-39,22884,3,13.1096,0.0715,0.9373
เขตสุขภาพที่ 3,ภาคกลาง,อุทัยธานี,40-44,23774,1,4.2063,0.0659,0.2772
เขตสุขภาพที่ 3,ภาคกลาง,อุทัยธานี,45-49,24931,2,8.0221,0.0604,0.4845
เขตสุขภาพที่ 3,ภาคกลาง,อุทัยธานี,55-59,17685,0,0.0000,0.0869,0.0000
เขตสุขภาพที่ 3,ภาคกลาง,อุทัยธานี,50-54,25673,0,0.0000,0.0537,0.0000
เขตสุขภาพที่ 3,ภาคกลาง,อุทัยธานี,55-59,24379,3,12.3057,0.0455,0.5599
เขตสุขภาพที่ 3,ภาคกลาง,อุทัยธานี,60ปีขึ้นไป,68484,8,11.9814,0.1192,1.4282
เขตสุขภาพที่ 3,ภาคกลาง,พิจิตร,0-4,20453,0,0.0000,0.0886,0.0000
เขตสุขภาพที่ 3,ภาคกลาง,พิจิตร,10-14,30303,0,0.0000,0.0860,0.0000
เขตสุขภาพที่ 3,ภาคกลาง,พิจิตร,15-19,30606,0,0.0000,0.0847,0.0000
เขตสุขภาพที่ 3,ภาคกลาง,พิจิตร,20-24,33167,1,3.0150,0.0822,0.2478
เขตสุขภาพที่ 3,ภาคกลาง,พิจิตร,25-29,36571,1.00,2.7344,0.0793,0.2168
เขตสุขภาพที่ 3,ภาคกลาง,พิจิตร,30-34,34082,1,2.9341,0.0761,0.2233
เขตสุขภาพที่ 3,ภาคกลาง,พิจิตร,35-39,37025,3,8.1026,0.0715,0.5793
เขตสุขภาพที่ 3,ภาคกลาง,พิจิตร,40-44,39925,1,2.5047,0.0659,0.1651
เขตสุขภาพที่ 3,ภาคกลาง,พิจิตร,45-49,40842,4,9.7938,0.0604,0.5915
เขตสุขภาพที่ 3,ภาคกลาง,พิจิตร,55-59,26883,0,0.0000,0.0869,0.0000
เขตสุขภาพที่ 3,ภาคกลาง,พิจิตร,50-54,42036,4,9.5157,0.0537,0.5110
เขตสุขภาพที่ 3,ภาคกลาง,พิจิตร,55-59,42295,2,4.7287,0.0455,0.2152
เขตสุขภาพที่ 3,ภาคกลาง,พิจิตร,60ปีขึ้นไป,116045,10,8.6173,0.1192,1.0272
เขตสุขภาพที่ 3,ภาคกลาง,นครสวรรค์,0-4,41463,0,0.0000,0.0886,0.0000
เขตสุขภาพที่ 3,ภาคกลาง,นครสวรรค์,10-14,58728,0,0.0000,0.0860,0.0000
เขตสุขภาพที่ 3,ภาคกลาง,นครสวรรค์,15-19,59297,0,0.0000,0.0847,0.0000
เขตสุขภาพที่ 3,ภาคกลาง,นครสวรรค์,20-24,66408,1,1.5058,0.0822,0.1238
เขตสุขภาพที่ 3,ภาคกลาง,นครสวรรค์,25-29,73142,4,5.4688,0.0793,0.4337
เขตสุขภาพที่ 3,ภาคกลาง,นครสวรรค์,30-34,68149,10,14.6737,0.0761,1.1167
เขตสุขภาพที่ 3,ภาคกลาง,นครสวรรค์,35-39,72196,7,9.6958,0.0715,0.6933
เขตสุขภาพที่ 3,ภาคกลาง,นครสวรรค์,40-44,75314,7,9.2944,0.0659,0.6125
เขตสุขภาพที่ 3,ภาคกลาง,นครสวรรค์,45-49,78295,9,11.4950,0.0604,0.6943
เขตสุขภาพที่ 3,ภาคกลาง,นครสวรรค์,55-59,53455,0,0.0000,0.0869,0.0000
เขตสุขภาพที่ 3,ภาคกลาง,นครสวรรค์,50-54,83505,9,10.7778,0.0537,0.5788
เขตสุขภาพที่ 3,ภาคกลาง,นครสวรรค์,55-59,83165,3,3.6073,0.0455,0.1641
เขตสุขภาพที่ 3,ภาคกลาง,นครสวรรค์,60ปีขึ้นไป,222583,19,8.5361,0.1192,1.0175
เขตสุขภาพที่ 3,ภาคกลาง,ชัยนาท,0-4,12130,0,0.0000,0.0886,0.0000
เขตสุขภาพที่ 3,ภาคกลาง,ชัยนาท,10-14,17400,0,0.0000,0.0860,0.0000
เขตสุขภาพที่ 3,ภาคกลาง,ชัยนาท,15-19,17548,1,5.6987,0.0847,0.4827
เขตสุขภาพที่ 3,ภาคกลาง,ชัยนาท,20-24,18758,1,5.3311,0.0822,0.4382
เขตสุขภาพที่ 3,ภาคกลาง,ชัยนาท,25-29,21697,1,4.6089,0.0793,0.3655
เขตสุขภาพที่ 3,ภาคกลาง,ชัยนาท,30-34,20300,2,9.8522,0.0761,0.7498
เขตสุขภาพที่ 3,ภาคกลาง,ชัยนาท,35-39,21448,1,4.6624,0.0715,0.3334
เขตสุขภาพที่ 3,ภาคกลาง,ชัยนาท,40-44,23076,2,8.6670,0.0659,0.5712
เขตสุขภาพที่ 3,ภาคกลาง,ชัยนาท,45-49,24142,5,20.7108,0.0604,1.2509
เขตสุขภาพที่ 3,ภาคกลาง,ชัยนาท,55-59,15725,0,0.0000,0.0869,0.0000
เขตสุขภาพที่ 3,ภาคกลาง,ชัยนาท,50-54,25673,2,7.7903,0.0537,0.4183
เขตสุขภาพที่ 3,ภาคกลาง,ชัยนาท,55-59,26932,1,3.7131,0.0455,0.1689
เขตสุขภาพที่ 3,ภาคกลาง,ชัยนาท,60ปีขึ้นไป,76279,11,14.4207,0.1192,1.7190
เขตสุขภาพที่ 3,ภาคกลาง,กำแพงเพชร,0-4,31016,0,0.0000,0.0886,0.0000
เขตสุขภาพที่ 3,ภาคกลาง,กำแพงเพชร,10-14,43933,3,6.8286,0.0860,0.5873
เขตสุขภาพที่ 3,ภาคกลาง,กำแพงเพชร,15-19,44099,1,2.2676,0.0847,0.1921
เขตสุขภาพที่ 3,ภาคกลาง,กำแพงเพชร,20-24,45774,0,0.0000,0.0822,0.0000
เขตสุขภาพที่ 3,ภาคกลาง,กำแพงเพชร,25-29,51672,3,5.8059,0.0793,0.4604
เขตสุขภาพที่ 3,ภาคกลาง,กำแพงเพชร,30-34,48266,3,6.2156,0.0761,0.4730
เขตสุขภาพที่ 3,ภาคกลาง,กำแพงเพชร,35-39,50811,3,5.9042,0.0715,0.4222
เขตสุขภาพที่ 3,ภาคกลาง,กำแพงเพชร,40-44,54837,4,7.2943,0.0659,0.4807
เขตสุขภาพที่ 3,ภาคกลาง,กำแพงเพชร,45-49,56585,7,12.3708,0.0604,0.7472
เขตสุขภาพที่ 3,ภาคกลาง,กำแพงเพชร,55-59,39716,0,0.0000,0.0869,0.0000
เขตสุขภาพที่ 3,ภาคกลาง,กำแพงเพชร,50-54,56317,4,7.1027,0.0537,0.3814
เขตสุขภาพที่ 3,ภาคกลาง,กำแพงเพชร,55-59,53852,2,3.7139,0.0455,0.1690
เขตสุขภาพที่ 3,ภาคกลาง,กำแพงเพชร,60ปีขึ้นไป,134710,9,6.6810,0.1192,0.7964
เขตสุขภาพที่ 4,ภาคกลาง,อ่างทอง,0-4,10448,0,0.0000,0.0886,0.0000
เขตสุขภาพที่ 4,ภาคกลาง,อ่างทอง,10-14,15121,0,0.0000,0.0860,0.0000
เขตสุขภาพที่ 4,ภาคกลาง,อ่างทอง,15-19,15603,0,0.0000,0.0847,0.0000
เขตสุขภาพที่ 4,ภาคกลาง,อ่างทอง,20-24,16642,0,0.0000,0.0822,0.0000
เขตสุขภาพที่ 4,ภาคกลาง,อ่างทอง,25-29,18961,0,0.0000,0.0793,0.0000
เขตสุขภาพที่ 4,ภาคกลาง,อ่างทอง,30-34,17819,0,0.0000,0.0761,0.0000
เขตสุขภาพที่ 4,ภาคกลาง,อ่างทอง,35-39,19195,4,20.8388,0.0715,1.4900
เขตสุขภาพที่ 4,ภาคกลาง,อ่างทอง,40-44,20355,6,29.4768,0.0659,1.9425
เขตสุขภาพที่ 4,ภาคกลาง,อ่างทอง,45-49,19995,0,0.0000,0.0604,0.0000
เขตสุขภาพที่ 4,ภาคกลาง,อ่างทอง,55-59,13466,0,0.0000,0.0869,0.0000
เขตสุขภาพที่ 4,ภาคกลาง,อ่างทอง,50-54,21418,2,9.3379,0.0537,0.5014
เขตสุขภาพที่ 4,ภาคกลาง,อ่างทอง,55-59,22935,2,8.7203,0.0455,0.3968
เขตสุขภาพที่ 4,ภาคกลาง,อ่างทอง,60ปีขึ้นไป,63306,7,11.3721,0.1192,1.3556
เขตสุขภาพที่ 4,ภาคกลาง,สิงห์บุรี,0-4,7607,0,0.0000,0.0886,0.0000
เขตสุขภาพที่ 4,ภาคกลาง,สิงห์บุรี,10-14,10957,0,0.0000,0.0860,0.0000
เขตสุขภาพที่ 4,ภาคกลาง,สิงห์บุรี,15-19,11095,0,0.0000,0.0847,0.0000
เขตสุขภาพที่ 4,ภาคกลาง,สิงห์บุรี,20-24,11865,1,8.4282,0.0822,0.6928
เขตสุขภาพที่ 4,ภาคกลาง,สิงห์บุรี,25-29,13476,3,22.2618,0.0793,1.7654
เขตสุขภาพที่ 4,ภาคกลาง,สิงห์บุรี,30-34,13100,2,15.2672,0.0761,1.1618
เขตสุขภาพที่ 4,ภาคกลาง,สิงห์บุรี,35-39,14192,4,28.1849,0.0715,2.0152
เขตสุขภาพที่ 4,ภาคกลาง,สิงห์บุรี,40-44,14858,1,6.7304,0.0659,0.4435
เขตสุขภาพที่ 4,ภาคกลาง,สิงห์บุรี,45-49,14297,2,13.9889,0.0604,0.8449
เขตสุขภาพที่ 4,ภาคกลาง,สิงห์บุรี,55-59,9602,0,0.0000,0.0869,0.0000
เขตสุขภาพที่ 4,ภาคกลาง,สิงห์บุรี,50-54,15730,1,6.3573,0.0537,0.3414
เขตสุขภาพที่ 4,ภาคกลาง,สิงห์บุรี,55-59,17425,4,22.9555,0.0455,1.0445
เขตสุขภาพที่ 4,ภาคกลาง,สิงห์บุรี,60ปีขึ้นไป,50714,5,9.8592,0.1192,1.1752
เขตสุขภาพที่ 4,ภาคกลาง,สระบุรี,0-4,29834,0,0.0000,0.0886,0.0000
เขตสุขภาพที่ 4,ภาคกลาง,สระบุรี,10-14,37998,0,0.0000,0.0860,0.0000
เขตสุขภาพที่ 4,ภาคกลาง,สระบุรี,15-19,39009,0,0.0000,0.0847,0.0000
เขตสุขภาพที่ 4,ภาคกลาง,สระบุรี,20-24,46630,8,17.1563,0.0822,1.4103
เขตสุขภาพที่ 4,ภาคกลาง,สระบุรี,25-29,47808,2,4.1834,0.0793,0.3317
เขตสุขภาพที่ 4,ภาคกลาง,สระบุรี,30-34,43883,3,6.8364,0.0761,0.5202
เขตสุขภาพที่ 4,ภาคกลาง,สระบุรี,35-39,45436,6,13.2054,0.0715,0.9442
เขตสุขภาพที่ 4,ภาคกลาง,สระบุรี,40-44,47981,4,8.3366,0.0659,0.5494
เขตสุขภาพที่ 4,ภาคกลาง,สระบุรี,45-49,49842,2,4.0127,0.0604,0.2424
เขตสุขภาพที่ 4,ภาคกลาง,สระบุรี,55-59,35838,0,0.0000,0.0869,0.0000
เขตสุขภาพที่ 4,ภาคกลาง,สระบุรี,50-54,50410,3,5.9512,0.0537,0.3196
เขตสุขภาพที่ 4,ภาคกลาง,สระบุรี,55-59,48034,2,4.1637,0.0455,0.1894
เขตสุขภาพที่ 4,ภาคกลาง,สระบุรี,60ปีขึ้นไป,114761,14,12.5116,0.1192,1.4914
เขตสุขภาพที่ 4,ภาคกลาง,ลพบุรี,0-4,30456,0,0.0000,0.0886,0.0000
เขตสุขภาพที่ 4,ภาคกลาง,ลพบุรี,10-14,40833,0,0.0000,0.0860,0.0000
เขตสุขภาพที่ 4,ภาคกลาง,ลพบุรี,15-19,42593,1,2.3478,0.0847,0.1989
เขตสุขภาพที่ 4,ภาคกลาง,ลพบุรี,20-24,59826,1,1.6715,0.0822,0.1374
เขตสุขภาพที่ 4,ภาคกลาง,ลพบุรี,25-29,53097,4,7.5334,0.0793,0.5974
เขตสุขภาพที่ 4,ภาคกลาง,ลพบุรี,30-34,50003,2,3.9998,0.0761,0.3044
เขตสุขภาพที่ 4,ภาคกลาง,ลพบุรี,35-39,51467,6,11.6580,0.0715,0.8335
เขตสุขภาพที่ 4,ภาคกลาง,ลพบุรี,40-44,53079,4,7.5359,0.0659,0.4966
เขตสุขภาพที่ 4,ภาคกลาง,ลพบุรี,45-49,54684,6,10.9721,0.0604,0.6627
เขตสุขภาพที่ 4,ภาคกลาง,ลพบุรี,55-59,37069,0,0.0000,0.0869,0.0000
เขตสุขภาพที่ 4,ภาคกลาง,ลพบุรี,50-54,58427,6,10.2692,0.0537,0.5515
เขตสุขภาพที่ 4,ภาคกลาง,ลพบุรี,55-59,58034,3,5.1694,0.0455,0.2352
เขตสุขภาพที่ 4,ภาคกลาง,ลพบุรี,60ปีขึ้นไป,150219,17,11.3168,0.1192,1.3490
เขตสุขภาพที่ 4,ภาคกลาง,พระนครศรีอยุธยา,0-4,36700,0,0.0000,0.0886,0.0000
เขตสุขภาพที่ 4,ภาคกลาง,พระนครศรีอยุธยา,10-14,47014,1,2.1270,0.0860,0.1829
เขตสุขภาพที่ 4,ภาคกลาง,พระนครศรีอยุธยา,15-19,47619,0,0.0000,0.0847,0.0000
เขตสุขภาพที่ 4,ภาคกลาง,พระนครศรีอยุธยา,20-24,50851,4,7.8661,0.0822,0.6466
เขตสุขภาพที่ 4,ภาคกลาง,พระนครศรีอยุธยา,25-29,57751,10,17.3157,0.0793,1.3731
เขตสุขภาพที่ 4,ภาคกลาง,พระนครศรีอยุธยา,30-34,55470,8,14.4222,0.0761,1.0975
เขตสุขภาพที่ 4,ภาคกลาง,พระนครศรีอยุธยา,35-39,62385,6,9.6177,0.0715,0.6877
เขตสุขภาพที่ 4,ภาคกลาง,พระนครศรีอยุธยา,40-44,67353,9,13.3624,0.0659,0.8806
เขตสุขภาพที่ 4,ภาคกลาง,พระนครศรีอยุธยา,45-49,64190,1,1.5579,0.0604,0.0941
เขตสุขภาพที่ 4,ภาคกลาง,พระนครศรีอยุธยา,55-59,43593,0,0.0000,0.0869,0.0000
เขตสุขภาพที่ 4,ภาคกลาง,พระนครศรีอยุธยา,50-54,64945,4,6.1591,0.0537,0.3307
เขตสุขภาพที่ 4,ภาคกลาง,พระนครศรีอยุธยา,55-59,61604,1,1.6233,0.0455,0.0739
เขตสุขภาพที่ 4,ภาคกลาง,พระนครศรีอยุธยา,60ปีขึ้นไป,158213,10,6.3206,0.1192,0.7534
เขตสุขภาพที่ 4,ภาคกลาง,ปทุมธานี,0-4,55287,0,0.0000,0.0886,0.0000
เขตสุขภาพที่ 4,ภาคกลาง,ปทุมธานี,10-14,69153,0,0.0000,0.0860,0.0000
เขตสุขภาพที่ 4,ภาคกลาง,ปทุมธานี,15-19,70757,2,2.8266,0.0847,0.2394
เขตสุขภาพที่ 4,ภาคกลาง,ปทุมธานี,20-24,79513,11,13.8342,0.0822,1.1372
เขตสุขภาพที่ 4,ภาคกลาง,ปทุมธานี,25-29,86572,9,10.3960,0.0793,0.8244
เขตสุขภาพที่ 4,ภาคกลาง,ปทุมธานี,30-34,82528,5,6.0585,0.0761,0.4611
เขตสุขภาพที่ 4,ภาคกลาง,ปทุมธานี,35-39,94098,17,18.0663,0.0715,1.2917
เขตสุขภาพที่ 4,ภาคกลาง,ปทุมธานี,40-44,105122,8,7.6102,0.0659,0.5015
เขตสุขภาพที่ 4,ภาคกลาง,ปทุมธานี,45-49,101036,13,12.8667,0.0604,0.7771
เขตสุขภาพที่ 4,ภาคกลาง,ปทุมธานี,55-59,65608,0,0.0000,0.0869,0.0000
เขตสุขภาพที่ 4,ภาคกลาง,ปทุมธานี,50-54,98787,7,7.0860,0.0537,0.3805
เขตสุขภาพที่ 4,ภาคกลาง,ปทุมธานี,55-59,84429,5,5.9221,0.0455,0.2695
เขตสุขภาพที่ 4,ภาคกลาง,ปทุมธานี,60ปีขึ้นไป,180723,13,7.1933,0.1192,0.8574
เขตสุขภาพที่ 4,ภาคกลาง,นนทบุรี,0-4,52681,0,0.000,0.089,0.0000
เขตสุขภาพที่ 4,ภาคกลาง,นนทบุรี,10-14,65997,2,3.030,0.086,0.2606
เขตสุขภาพที่ 4,ภาคกลาง,นนทบุรี,15-19,67895,1,1.473,0.085,0.1248
เขตสุขภาพที่ 4,ภาคกลาง,นนทบุรี,20-24,75301,4,5.312,0.082,0.4366
เขตสุขภาพที่ 4,ภาคกลาง,นนทบุรี,25-29,89509,5,5.586,0.079,0.4430
เขตสุขภาพที่ 4,ภาคกลาง,นนทบุรี,30-34,89146,9,10.096,0.076,0.7683
เขตสุขภาพที่ 4,ภาคกลาง,นนทบุรี,35-39,101157,5,4.943,0.072,0.3534
เขตสุขภาพที่ 4,ภาคกลาง,นนทบุรี,40-44,109720,3,2.734,0.066,0.1802
เขตสุขภาพที่ 4,ภาคกลาง,นนทบุรี,45-49,103846,4,3.852,0.060,0.2327
เขตสุขภาพที่ 4,ภาคกลาง,นนทบุรี,55-59,62913,0,0.000,0.087,0.0000
เขตสุขภาพที่ 4,ภาคกลาง,นนทบุรี,50-54,104184,9,8.639,0.054,0.4639
เขตสุขภาพที่ 4,ภาคกลาง,นนทบุรี,55-59,98440,3,3.048,0.046,0.1387
เขตสุขภาพที่ 4,ภาคกลาง,นนทบุรี,60ปีขึ้นไป,251854,15,5.956,0.119,0.7099
เขตสุขภาพที่ 4,ภาคกลาง,นครนายก,0-4,11472,0,0.0000,0.0886,0.0000
เขตสุขภาพที่ 4,ภาคกลาง,นครนายก,10-14,14779,0,0.0000,0.0860,0.0000
เขตสุขภาพที่ 4,ภาคกลาง,นครนายก,15-19,16480,0,0.0000,0.0847,0.0000
เขตสุขภาพที่ 4,ภาคกลาง,นครนายก,20-24,17704,0,0.0000,0.0822,0.0000
เขตสุขภาพที่ 4,ภาคกลาง,นครนายก,25-29,18450,2,10.8401,0.0793,0.8596
เขตสุขภาพที่ 4,ภาคกลาง,นครนายก,30-34,17275,1,5.7887,0.0761,0.4405
เขตสุขภาพที่ 4,ภาคกลาง,นครนายก,35-39,17940,1,5.5741,0.0715,0.3986
เขตสุขภาพที่ 4,ภาคกลาง,นครนายก,40-44,18878,1,5.2972,0.0659,0.3491
เขตสุขภาพที่ 4,ภาคกลาง,นครนายก,45-49,18910,1,5.2882,0.0604,0.3194
เขตสุขภาพที่ 4,ภาคกลาง,นครนายก,55-59,13466,0,0.0000,0.0869,0.0000
เขตสุขภาพที่ 4,ภาคกลาง,นครนายก,50-54,20221,0,0.0000,0.0537,0.0000
เขตสุขภาพที่ 4,ภาคกลาง,นครนายก,55-59,19829,0,0.0000,0.0455,0.0000
เขตสุขภาพที่ 4,ภาคกลาง,นครนายก,60ปีขึ้นไป,53456,4,11.3721,0.1192,1.3556
เขตสุขภาพที่ 5,ภาคกลาง,สุพรรณบุรี,0-4,34725,0,0.0000,0.0886,0.0000
เขตสุขภาพที่ 5,ภาคกลาง,สุพรรณบุรี,10-14,47935,1,2.0862,0.0860,0.1794
เขตสุขภาพที่ 5,ภาคกลาง,สุพรรณบุรี,15-19,48390,0,0.0000,0.0847,0.0000
เขตสุขภาพที่ 5,ภาคกลาง,สุพรรณบุรี,20-24,51319,5,9.7430,0.0822,0.8009
เขตสุขภาพที่ 5,ภาคกลาง,สุพรรณบุรี,25-29,57649,4,6.9385,0.0793,0.5502
เขตสุขภาพที่ 5,ภาคกลาง,สุพรรณบุรี,30-34,57409,8,13.9351,0.0761,1.0605
เขตสุขภาพที่ 5,ภาคกลาง,สุพรรณบุรี,35-39,61380,5,8.1460,0.0715,0.5824
เขตสุขภาพที่ 5,ภาคกลาง,สุพรรณบุรี,40-44,63534,6,9.4438,0.0659,0.6223
เขตสุขภาพที่ 5,ภาคกลาง,สุพรรณบุรี,45-49,61664,2,3.2434,0.0604,0.1959
เขตสุขภาพที่ 5,ภาคกลาง,สุพรรณบุรี,55-59,43056,0,0.0000,0.0869,0.0000
เขตสุขภาพที่ 5,ภาคกลาง,สุพรรณบุรี,50-54,63245,5,7.9058,0.0537,0.4245
เขตสุขภาพที่ 5,ภาคกลาง,สุพรรณบุรี,55-59,65414,4,6.1149,0.0455,0.2782
เขตสุขภาพที่ 5,ภาคกลาง,สุพรรณบุรี,60ปีขึ้นไป,178760,18,10.0694,0.1192,1.2003
เขตสุขภาพที่ 5,ภาคตะวันตก,เพชรบุรี,0-4,21047,0,0.0000,0.0886,0.0000
เขตสุขภาพที่ 5,ภาคตะวันตก,เพชรบุรี,10-14,27604,0,0.0000,0.0860,0.0000
เขตสุขภาพที่ 5,ภาคตะวันตก,เพชรบุรี,15-19,27529,1,3.6325,0.0847,0.3077
เขตสุขภาพที่ 5,ภาคตะวันตก,เพชรบุรี,20-24,30766,1,3.2503,0.0822,0.2672
เขตสุขภาพที่ 5,ภาคตะวันตก,เพชรบุรี,25-29,33679,3,8.9076,0.0793,0.7064
เขตสุขภาพที่ 5,ภาคตะวันตก,เพชรบุรี,30-34,32778,3,9.1525,0.0761,0.6965
เขตสุขภาพที่ 5,ภาคตะวันตก,เพชรบุรี,35-39,35205,3,8.5215,0.0715,0.6093
เขตสุขภาพที่ 5,ภาคตะวันตก,เพชรบุรี,40-44,36872,10,27.1209,0.0659,1.7873
เขตสุขภาพที่ 5,ภาคตะวันตก,เพชรบุรี,45-49,37420,2,5.3447,0.0604,0.3228
เขตสุขภาพที่ 5,ภาคตะวันตก,เพชรบุรี,55-59,25640,0,0.0000,0.0869,0.0000
เขตสุขภาพที่ 5,ภาคตะวันตก,เพชรบุรี,50-54,37931,5,13.1818,0.0537,0.7079
เขตสุขภาพที่ 5,ภาคตะวันตก,เพชรบุรี,55-59,35899,7,19.4992,0.0455,0.8872
เขตสุขภาพที่ 5,ภาคตะวันตก,เพชรบุรี,60ปีขึ้นไป,96042,5,5.2061,0.1192,0.6206
เขตสุขภาพที่ 5,ภาคกลาง,สมุทรสาคร,0-4,27215,0,0.0000,0.0886,0.0000
เขตสุขภาพที่ 5,ภาคกลาง,สมุทรสาคร,10-14,33005,0,0.0000,0.0860,0.0000
เขตสุขภาพที่ 5,ภาคกลาง,สมุทรสาคร,15-19,32891,2,6.0807,0.0847,0.5150
เขตสุขภาพที่ 5,ภาคกลาง,สมุทรสาคร,20-24,36226,2,5.5209,0.0822,0.4538
เขตสุขภาพที่ 5,ภาคกลาง,สมุทรสาคร,25-29,41590,3,7.2133,0.0793,0.5720
เขตสุขภาพที่ 5,ภาคกลาง,สมุทรสาคร,30-34,39591,3,7.5775,0.0761,0.5766
เขตสุขภาพที่ 5,ภาคกลาง,สมุทรสาคร,35-39,42188,9,21.3331,0.0715,1.5253
เขตสุขภาพที่ 5,ภาคกลาง,สมุทรสาคร,40-44,46511,10,21.5003,0.0659,1.4169
เขตสุขภาพที่ 5,ภาคกลาง,สมุทรสาคร,45-49,43854,6,13.6818,0.0604,0.8264
เขตสุขภาพที่ 5,ภาคกลาง,สมุทรสาคร,55-59,32312,0,0.0000,0.0869,0.0000
เขตสุขภาพที่ 5,ภาคกลาง,สมุทรสาคร,50-54,43275,5,11.5540,0.0537,0.6205
เขตสุขภาพที่ 5,ภาคกลาง,สมุทรสาคร,55-59,39731,4,10.0677,0.0455,0.4581
เขตสุขภาพที่ 5,ภาคกลาง,สมุทรสาคร,60ปีขึ้นไป,93478,13,13.9070,0.1192,1.6577
เขตสุขภาพที่ 5,ภาคกลาง,สมุทรสงคราม,0-4,6862,0,0.0000,0.0886,0.0000
เขตสุขภาพที่ 5,ภาคกลาง,สมุทรสงคราม,10-14,9777,0,0.0000,0.0860,0.0000
เขตสุขภาพที่ 5,ภาคกลาง,สมุทรสงคราม,15-19,10427,0,0.0000,0.0847,0.0000
เขตสุขภาพที่ 5,ภาคกลาง,สมุทรสงคราม,20-24,11306,0,0.0000,0.0822,0.0000
เขตสุขภาพที่ 5,ภาคกลาง,สมุทรสงคราม,25-29,12422,2,16.1005,0.0793,1.2768
เขตสุขภาพที่ 5,ภาคกลาง,สมุทรสงคราม,30-34,12229,0,0.0000,0.0761,0.0000
เขตสุขภาพที่ 5,ภาคกลาง,สมุทรสงคราม,35-39,13426,0,0.0000,0.0715,0.0000
เขตสุขภาพที่ 5,ภาคกลาง,สมุทรสงคราม,40-44,14864,2,13.4553,0.0659,0.8867
เขตสุขภาพที่ 5,ภาคกลาง,สมุทรสงคราม,45-49,14546,1,6.8747,0.0604,0.4152
เขตสุขภาพที่ 5,ภาคกลาง,สมุทรสงคราม,55-59,8591,0,0.0000,0.0869,0.0000
เขตสุขภาพที่ 5,ภาคกลาง,สมุทรสงคราม,50-54,14980,0,0.0000,0.0537,0.0000
เขตสุขภาพที่ 5,ภาคกลาง,สมุทรสงคราม,55-59,15065,3,19.9137,0.0455,0.9061
เขตสุขภาพที่ 5,ภาคกลาง,สมุทรสงคราม,60ปีขึ้นไป,45177,4,8.8541,0.1192,1.0554
เขตสุขภาพที่ 5,ภาคตะวันตก,ราชบุรี,0-4,36193,0,0.0000,0.0886,0.0000
เขตสุขภาพที่ 5,ภาคตะวันตก,ราชบุรี,10-14,48946,0,0.0000,0.0860,0.0000
เขตสุขภาพที่ 5,ภาคตะวันตก,ราชบุรี,15-19,50724,1,1.9715,0.0847,0.1670
เขตสุขภาพที่ 5,ภาคตะวันตก,ราชบุรี,20-24,57034,3,5.2600,0.0822,0.4324
เขตสุขภาพที่ 5,ภาคตะวันตก,ราชบุรี,25-29,61063,4,6.5506,0.0793,0.5195
เขตสุขภาพที่ 5,ภาคตะวันตก,ราชบุรี,30-34,57036,3,5.2598,0.0761,0.4003
เขตสุขภาพที่ 5,ภาคตะวันตก,ราชบุรี,35-39,60699,4,6.5899,0.0715,0.4712
เขตสุขภาพที่ 5,ภาคตะวันตก,ราชบุรี,40-44,64436,5,7.7596,0.0659,0.5114
เขตสุขภาพที่ 5,ภาคตะวันตก,ราชบุรี,45-49,64890,9,13.8696,0.0604,0.8377
เขตสุขภาพที่ 5,ภาคตะวันตก,ราชบุรี,55-59,43920,0,0.0000,0.0869,0.0000
เขตสุขภาพที่ 5,ภาคตะวันตก,ราชบุรี,50-54,64658,6,9.2796,0.0537,0.4983
เขตสุขภาพที่ 5,ภาคตะวันตก,ราชบุรี,55-59,62621,6,9.5815,0.0455,0.4360
เขตสุขภาพที่ 5,ภาคตะวันตก,ราชบุรี,60ปีขึ้นไป,170173,16,9.4022,0.1192,1.1207
เขตสุขภาพที่ 5,ภาคตะวันตก,ประจวบคีรีขันธ์,0-4,25684,0,0.0000,0.0886,0.0000
เขตสุขภาพที่ 5,ภาคตะวันตก,ประจวบคีรีขันธ์,10-14,33285,0,0.0000,0.0860,0.0000
เขตสุขภาพที่ 5,ภาคตะวันตก,ประจวบคีรีขันธ์,15-19,33756,0,0.0000,0.0847,0.0000
เขตสุขภาพที่ 5,ภาคตะวันตก,ประจวบคีรีขันธ์,20-24,40594,2,4.9268,0.0822,0.4050
เขตสุขภาพที่ 5,ภาคตะวันตก,ประจวบคีรีขันธ์,25-29,39076,4,10.2365,0.0793,0.8118
เขตสุขภาพที่ 5,ภาคตะวันตก,ประจวบคีรีขันธ์,30-34,37792,3,7.9382,0.0761,0.6041
เขตสุขภาพที่ 5,ภาคตะวันตก,ประจวบคีรีขันธ์,35-39,39654,5,12.6091,0.0715,0.9015
เขตสุขภาพที่ 5,ภาคตะวันตก,ประจวบคีรีขันธ์,40-44,42279,2,4.7305,0.0659,0.3117
เขตสุขภาพที่ 5,ภาคตะวันตก,ประจวบคีรีขันธ์,45-49,41404,4,9.6609,0.0604,0.5835
เขตสุขภาพที่ 5,ภาคตะวันตก,ประจวบคีรีขันธ์,55-59,31515,0,0.0000,0.0869,0.0000
เขตสุขภาพที่ 5,ภาคตะวันตก,ประจวบคีรีขันธ์,50-54,40991,3,7.3187,0.0537,0.3930
เขตสุขภาพที่ 5,ภาคตะวันตก,ประจวบคีรีขันธ์,55-59,37824,2,5.2876,0.0455,0.2406
เขตสุขภาพที่ 5,ภาคตะวันตก,ประจวบคีรีขันธ์,60ปีขึ้นไป,95646,9,9.7626,0.1192,1.1637
เขตสุขภาพที่ 5,ภาคกลาง,นครปฐม,0-4,40619,0,0.0000,0.0886,0.0000
เขตสุขภาพที่ 5,ภาคกลาง,นครปฐม,10-14,51901,0,0.0000,0.0860,0.0000
เขตสุขภาพที่ 5,ภาคกลาง,นครปฐม,15-19,53338,1,1.8748,0.0847,0.1588
เขตสุขภาพที่ 5,ภาคกลาง,นครปฐม,20-24,63335,4,6.3156,0.0822,0.5191
เขตสุขภาพที่ 5,ภาคกลาง,นครปฐม,25-29,68601,7,10.2039,0.0793,0.8092
เขตสุขภาพที่ 5,ภาคกลาง,นครปฐม,30-34,63372,6,9.4679,0.0761,0.7205
เขตสุขภาพที่ 5,ภาคกลาง,นครปฐม,35-39,68631,5,7.2853,0.0715,0.5209
เขตสุขภาพที่ 5,ภาคกลาง,นครปฐม,40-44,73829,1,1.3545,0.0659,0.0893
เขตสุขภาพที่ 5,ภาคกลาง,นครปฐม,45-49,70973,4,5.6359,0.0604,0.3404
เขตสุขภาพที่ 5,ภาคกลาง,นครปฐม,55-59,49257,0,0.0000,0.0869,0.0000
เขตสุขภาพที่ 5,ภาคกลาง,นครปฐม,50-54,70738,2,2.8273,0.0537,0.1518
เขตสุขภาพที่ 5,ภาคกลาง,นครปฐม,55-59,67828,5,7.3716,0.0455,0.3354
เขตสุขภาพที่ 5,ภาคกลาง,นครปฐม,60ปีขึ้นไป,168410,16,9.5006,0.1192,1.1325
เขตสุขภาพที่ 5,ภาคตะวันตก,กาญจนบุรี,0-4,38353,0,0.0000,0.0886,0.0000
เขตสุขภาพที่ 5,ภาคตะวันตก,กาญจนบุรี,10-14,52695,2,3.7954,0.0860,0.3264
เขตสุขภาพที่ 5,ภาคตะวันตก,กาญจนบุรี,15-19,53089,2,3.7673,0.0847,0.3191
เขตสุขภาพที่ 5,ภาคตะวันตก,กาญจนบุรี,20-24,59535,3,5.0391,0.0822,0.4142
เขตสุขภาพที่ 5,ภาคตะวันตก,กาญจนบุรี,25-29,60963,5,8.2017,0.0793,0.6504
เขตสุขภาพที่ 5,ภาคตะวันตก,กาญจนบุรี,30-34,60163,6,9.9729,0.0761,0.7589
เขตสุขภาพที่ 5,ภาคตะวันตก,กาญจนบุรี,35-39,61235,6,9.7983,0.0715,0.7006
เขตสุขภาพที่ 5,ภาคตะวันตก,กาญจนบุรี,40-44,62667,9,14.3616,0.0659,0.9464
เขตสุขภาพที่ 5,ภาคตะวันตก,กาญจนบุรี,45-49,62539,3,4.7970,0.0604,0.2897
เขตสุขภาพที่ 5,ภาคตะวันตก,กาญจนบุรี,55-59,48421,0,0.0000,0.0869,0.0000
เขตสุขภาพที่ 5,ภาคตะวันตก,กาญจนบุรี,50-54,59654,2,3.3527,0.0537,0.1800
เขตสุขภาพที่ 5,ภาคตะวันตก,กาญจนบุรี,55-59,55388,5,9.0272,0.0455,0.4107
เขตสุขภาพที่ 5,ภาคตะวันตก,กาญจนบุรี,60ปีขึ้นไป,140983,16,11.6447,0.1192,1.3881
เขตสุขภาพที่ 6,ภาคตะวันออก,สระแก้ว,0-4,29095,0,0.0000,0.0886,0.0000
เขตสุขภาพที่ 6,ภาคตะวันออก,สระแก้ว,15-19,36321,1,2.7532,0.0847,0.2332
เขตสุขภาพที่ 6,ภาคตะวันออก,สระแก้ว,20-24,39804,3,7.5369,0.0822,0.6195
เขตสุขภาพที่ 6,ภาคตะวันออก,สระแก้ว,25-29,41364,4,9.6702,0.0793,0.7669
เขตสุขภาพที่ 6,ภาคตะวันออก,สระแก้ว,30-34,39801,5,12.5625,0.0761,0.9560
เขตสุขภาพที่ 6,ภาคตะวันออก,สระแก้ว,35-39,41499,7,16.8679,0.0715,1.2061
เขตสุขภาพที่ 6,ภาคตะวันออก,สระแก้ว,40-44,43614,6,13.7571,0.0659,0.9066
เขตสุขภาพที่ 6,ภาคตะวันออก,สระแก้ว,40-44,36609,0,0.0000,0.0860,0.0000
เขตสุขภาพที่ 6,ภาคตะวันออก,สระแก้ว,45-49,44526,9,20.2129,0.0604,1.2209
เขตสุขภาพที่ 6,ภาคตะวันออก,สระแก้ว,45-49,34393,0,0.0000,0.0869,0.0000
เขตสุขภาพที่ 6,ภาคตะวันออก,สระแก้ว,50-54,43574,5,11.4747,0.0537,0.6162
เขตสุขภาพที่ 6,ภาคตะวันออก,สระแก้ว,55-59,38076,5,13.1316,0.0455,0.5975
เขตสุขภาพที่ 6,ภาคตะวันออก,สระแก้ว,60ปีขึ้นไป,88577,9,10.4067,0.1192,1.2405
เขตสุขภาพที่ 6,ภาคกลาง,สมุทรปราการ,0-4,62953,0,0.0000,0.0886,0.0000
เขตสุขภาพที่ 6,ภาคกลาง,สมุทรปราการ,15-19,78333,2,2.5532,0.0847,0.2163
เขตสุขภาพที่ 6,ภาคกลาง,สมุทรปราการ,20-24,85573,8,9.3487,0.0822,0.7685
เขตสุขภาพที่ 6,ภาคกลาง,สมุทรปราการ,25-29,99236,13,13.1001,0.0793,1.0388
เขตสุขภาพที่ 6,ภาคกลาง,สมุทรปราการ,30-34,95714,10,10.4478,0.0761,0.7951
เขตสุขภาพที่ 6,ภาคกลาง,สมุทรปราการ,35-39,109274,17,15.5572,0.0715,1.1123
เขตสุขภาพที่ 6,ภาคกลาง,สมุทรปราการ,40-44,118302,11,9.2982,0.0659,0.6128
เขตสุขภาพที่ 6,ภาคกลาง,สมุทรปราการ,40-44,76641,1,1.3048,0.0860,0.1122
เขตสุขภาพที่ 6,ภาคกลาง,สมุทรปราการ,45-49,110029,17,15.4505,0.0604,0.9332
เขตสุขภาพที่ 6,ภาคกลาง,สมุทรปราการ,45-49,74917,0,0.0000,0.0869,0.0000
เขตสุขภาพที่ 6,ภาคกลาง,สมุทรปราการ,50-54,108546,9,8.2914,0.0537,0.4452
เขตสุขภาพที่ 6,ภาคกลาง,สมุทรปราการ,55-59,96062,7,7.2870,0.0455,0.3316
เขตสุขภาพที่ 6,ภาคกลาง,สมุทรปราการ,60ปีขึ้นไป,219621,16,7.2853,0.1192,0.8684
เขตสุขภาพที่ 6,ภาคตะวันออก,ระยอง,0-4,41133,0,0.0000,0.0886,0.0000
เขตสุขภาพที่ 6,ภาคตะวันออก,ระยอง,15-19,46775,0,0.0000,0.0847,0.0000
เขตสุขภาพที่ 6,ภาคตะวันออก,ระยอง,20-24,48396,4,8.2651,0.0822,0.6794
เขตสุขภาพที่ 6,ภาคตะวันออก,ระยอง,25-29,55647,9,16.1734,0.0793,1.2825
เขตสุขภาพที่ 6,ภาคตะวันออก,ระยอง,30-34,56778,8,14.0900,0.0761,1.0722
เขตสุขภาพที่ 6,ภาคตะวันออก,ระยอง,35-39,62952,11,17.4736,0.0715,1.2494
เขตสุขภาพที่ 6,ภาคตะวันออก,ระยอง,40-44,64501,9,13.9533,0.0659,0.9195
เขตสุขภาพที่ 6,ภาคตะวันออก,ระยอง,40-44,49013,0,0.0000,0.0860,0.0000
เขตสุขภาพที่ 6,ภาคตะวันออก,ระยอง,45-49,61854,6,9.7003,0.0604,0.5859
เขตสุขภาพที่ 6,ภาคตะวันออก,ระยอง,45-49,47757,0,0.0000,0.0869,0.0000
เขตสุขภาพที่ 6,ภาคตะวันออก,ระยอง,50-54,55848,6,10.7434,0.0537,0.5769
เขตสุขภาพที่ 6,ภาคตะวันออก,ระยอง,55-59,46058,6,13.0271,0.0455,0.5927
เขตสุขภาพที่ 6,ภาคตะวันออก,ระยอง,60ปีขึ้นไป,102229,10,9.7820,0.1192,1.1660
เขตสุขภาพที่ 6,ภาคตะวันออก,ปราจีนบุรี,0-4,25358,0,0.0000,0.0886,0.0000
เขตสุขภาพที่ 6,ภาคตะวันออก,ปราจีนบุรี,15-19,29756,0,0.0000,0.0847,0.0000
เขตสุขภาพที่ 6,ภาคตะวันออก,ปราจีนบุรี,20-24,36415,3,8.2384,0.0822,0.6772
เขตสุขภาพที่ 6,ภาคตะวันออก,ปราจีนบุรี,25-29,36755,2,5.4414,0.0793,0.4315
เขตสุขภาพที่ 6,ภาคตะวันออก,ปราจีนบุรี,30-34,35400,3,8.4746,0.0761,0.6449
เขตสุขภาพที่ 6,ภาคตะวันออก,ปราจีนบุรี,35-39,37062,3,8.0945,0.0715,0.5788
เขตสุขภาพที่ 6,ภาคตะวันออก,ปราจีนบุรี,40-44,39293,6,15.2699,0.0659,1.0063
เขตสุขภาพที่ 6,ภาคตะวันออก,ปราจีนบุรี,40-44,29665,0,0.0000,0.0860,0.0000
เขตสุขภาพที่ 6,ภาคตะวันออก,ปราจีนบุรี,45-49,38064,1,2.6272,0.0604,0.1587
เขตสุขภาพที่ 6,ภาคตะวันออก,ปราจีนบุรี,45-49,28593,0,0.0000,0.0869,0.0000
เขตสุขภาพที่ 6,ภาคตะวันออก,ปราจีนบุรี,50-54,36969,4,10.8199,0.0537,0.5810
เขตสุขภาพที่ 6,ภาคตะวันออก,ปราจีนบุรี,55-59,34158,0,0.0000,0.0455,0.0000
เขตสุขภาพที่ 6,ภาคตะวันออก,ปราจีนบุรี,60ปีขึ้นไป,86004,11,12.7901,0.1192,1.5246
เขตสุขภาพที่ 6,ภาคตะวันออก,ตราด,0-4,10086,0,0.0000,0.0886,0.0000
เขตสุขภาพที่ 6,ภาคตะวันออก,ตราด,15-19,13461,0,0.0000,0.0847,0.0000
เขตสุขภาพที่ 6,ภาคตะวันออก,ตราด,20-24,14366,1,6.9609,0.0822,0.5722
เขตสุขภาพที่ 6,ภาคตะวันออก,ตราด,25-29,15880,2,12.5945,0.0793,0.9987
เขตสุขภาพที่ 6,ภาคตะวันออก,ตราด,30-34,15237,1,6.5630,0.0761,0.4994
เขตสุขภาพที่ 6,ภาคตะวันออก,ตราด,35-39,15997,3,18.7535,0.0715,1.3409
เขตสุขภาพที่ 6,ภาคตะวันออก,ตราด,40-44,16597,5,30.1259,0.0659,1.9853
เขตสุขภาพที่ 6,ภาคตะวันออก,ตราด,40-44,13132,0,0.0000,0.0860,0.0000
เขตสุขภาพที่ 6,ภาคตะวันออก,ตราด,45-49,16931,0,0.0000,0.0604,0.0000
เขตสุขภาพที่ 6,ภาคตะวันออก,ตราด,45-49,12363,0,0.0000,0.0869,0.0000
เขตสุขภาพที่ 6,ภาคตะวันออก,ตราด,50-54,16897,1,5.9182,0.0537,0.3178
เขตสุขภาพที่ 6,ภาคตะวันออก,ตราด,55-59,15766,2,12.6855,0.0455,0.5772
เขตสุขภาพที่ 6,ภาคตะวันออก,ตราด,60ปีขึ้นไป,42180,6,14.2248,0.1192,1.6956
เขตสุขภาพที่ 6,ภาคตะวันออก,ชลบุรี,0-4,84820,0,0.0000,0.0886,0.0000
เขตสุขภาพที่ 6,ภาคตะวันออก,ชลบุรี,15-19,95592,4,4.1845,0.0847,0.3544
เขตสุขภาพที่ 6,ภาคตะวันออก,ชลบุรี,20-24,108698,8,7.3598,0.0822,0.6050
เขตสุขภาพที่ 6,ภาคตะวันออก,ชลบุรี,25-29,115376,12,10.4008,0.0793,0.8248
เขตสุขภาพที่ 6,ภาคตะวันออก,ชลบุรี,30-34,116766,13,11.1334,0.0761,0.8473
เขตสุขภาพที่ 6,ภาคตะวันออก,ชลบุรี,35-39,131059,12,9.1562,0.0715,0.6547
เขตสุขภาพที่ 6,ภาคตะวันออก,ชลบุรี,40-44,139615,11,7.8788,0.0659,0.5192
เขตสุขภาพที่ 6,ภาคตะวันออก,ชลบุรี,40-44,99296,0,0.0000,0.0860,0.0000
เขตสุขภาพที่ 6,ภาคตะวันออก,ชลบุรี,45-49,125649,10,7.9587,0.0604,0.4807
เขตสุขภาพที่ 6,ภาคตะวันออก,ชลบุรี,45-49,99316,0,0.0000,0.0869,0.0000
เขตสุขภาพที่ 6,ภาคตะวันออก,ชลบุรี,50-54,116082,11,9.4761,0.0537,0.5089
เขตสุขภาพที่ 6,ภาคตะวันออก,ชลบุรี,55-59,98212,12,12.2185,0.0455,0.5559
เขตสุขภาพที่ 6,ภาคตะวันออก,ชลบุรี,60ปีขึ้นไป,223080,20,8.9654,0.1192,1.0687
เขตสุขภาพที่ 6,ภาคตะวันออก,ฉะเชิงเทรา,0-4,35538,0,0.0000,0.0886,0.0000
เขตสุขภาพที่ 6,ภาคตะวันออก,ฉะเชิงเทรา,10-14,43257,0,0.0000,0.086,0.0000
เขตสุขภาพที่ 6,ภาคตะวันออก,ฉะเชิงเทรา,15-19,43901,1,2.2779,0.0847,0.1929
เขตสุขภาพที่ 6,ภาคตะวันออก,ฉะเชิงเทรา,20-24,47367,1,2.1112,0.0822,0.1735
เขตสุขภาพที่ 6,ภาคตะวันออก,ฉะเชิงเทรา,25-29,52302,5,9.5599,0.0793,0.7581
เขตสุขภาพที่ 6,ภาคตะวันออก,ฉะเชิงเทรา,30-34,51105,5,9.7838,0.0761,0.7445
เขตสุขภาพที่ 6,ภาคตะวันออก,ฉะเชิงเทรา,35-39,55271,6,10.8556,0.0715,0.7762
เขตสุขภาพที่ 6,ภาคตะวันออก,ฉะเชิงเทรา,40-44,57370,6,10.4584,0.0659,0.6892
เขตสุขภาพที่ 6,ภาคตะวันออก,ฉะเชิงเทรา,45-49,54908,7,12.7486,0.0604,0.7700
เขตสุขภาพที่ 6,ภาคตะวันออก,ฉะเชิงเทรา,55-59,41728,0,0.0000,0.0869,0.0000
เขตสุขภาพที่ 6,ภาคตะวันออก,ฉะเชิงเทรา,50-54,55234,4,7.2419,0.0537,0.3889
เขตสุขภาพที่ 6,ภาคตะวันออก,ฉะเชิงเทรา,55-59,50960,2,3.9246,0.0455,0.1786
เขตสุขภาพที่ 6,ภาคตะวันออก,ฉะเชิงเทรา,60ปีขึ้นไป,129514,9,6.9491,0.1192,0.8283
เขตสุขภาพที่ 6,ภาคตะวันออก,จันทบุรี,0-4,25599,0,0.0000,0.0886,0.0000
เขตสุขภาพที่ 6,ภาคตะวันออก,จันทบุรี,15-19,32055,0,0.0000,0.0847,0.0000
เขตสุขภาพที่ 6,ภาคตะวันออก,จันทบุรี,20-24,35400,3,8.4746,0.0822,0.6966
เขตสุขภาพที่ 6,ภาคตะวันออก,จันทบุรี,25-29,38342,8,20.8648,0.0793,1.6546
เขตสุขภาพที่ 6,ภาคตะวันออก,จันทบุรี,30-34,36363,5,13.7502,0.0761,1.0464
เขตสุขภาพที่ 6,ภาคตะวันออก,จันทบุรี,35-39,38354,6,15.6437,0.0715,1.1185
เขตสุขภาพที่ 6,ภาคตะวันออก,จันทบุรี,40-44,40010,6,14.9963,0.0659,0.9883
เขตสุขภาพที่ 6,ภาคตะวันออก,จันทบุรี,40-44,30666,0,0.0000,0.0860,0.0000
เขตสุขภาพที่ 6,ภาคตะวันออก,จันทบุรี,45-49,41105,6,14.5968,0.0604,0.8816
เขตสุขภาพที่ 6,ภาคตะวันออก,จันทบุรี,45-49,29709,0,0.0000,0.0869,0.0000
เขตสุขภาพที่ 6,ภาคตะวันออก,จันทบุรี,50-54,42839,8,18.6746,0.0537,1.0028
เขตสุขภาพที่ 6,ภาคตะวันออก,จันทบุรี,55-59,39844,3,7.5294,0.0455,0.3426
เขตสุขภาพที่ 6,ภาคตะวันออก,จันทบุรี,60ปีขึ้นไป,102079,23,22.5316,0.1192,2.6858
เขตสุขภาพที่ 7,ภาคตะวันออกเฉียงเหนือ,ร้อยเอ็ด,0-4,54752,0,0.0000,0.0886,0.0000
เขตสุขภาพที่ 7,ภาคตะวันออกเฉียงเหนือ,ร้อยเอ็ด,15-19,74052,2,2.7008,0.0847,0.2288
เขตสุขภาพที่ 7,ภาคตะวันออกเฉียงเหนือ,ร้อยเอ็ด,20-24,85835,10,11.6503,0.0822,0.9577
เขตสุขภาพที่ 7,ภาคตะวันออกเฉียงเหนือ,ร้อยเอ็ด,25-29,98558,13,13.1902,0.0793,1.0460
เขตสุขภาพที่ 7,ภาคตะวันออกเฉียงเหนือ,ร้อยเอ็ด,30-34,89435,7,7.8269,0.0761,0.5956
เขตสุขภาพที่ 7,ภาคตะวันออกเฉียงเหนือ,ร้อยเอ็ด,35-39,93939,16,17.0323,0.0715,1.2178
เขตสุขภาพที่ 7,ภาคตะวันออกเฉียงเหนือ,ร้อยเอ็ด,40-44,102616,15,14.6176,0.0659,0.9633
เขตสุขภาพที่ 7,ภาคตะวันออกเฉียงเหนือ,ร้อยเอ็ด,40-44,70776,1,1.4129,0.0860,0.1215
เขตสุขภาพที่ 7,ภาคตะวันออกเฉียงเหนือ,ร้อยเอ็ด,45-49,114937,8,6.9603,0.0604,0.4204
เขตสุขภาพที่ 7,ภาคตะวันออกเฉียงเหนือ,ร้อยเอ็ด,45-49,66996,0,0.0000,0.0869,0.0000
เขตสุขภาพที่ 7,ภาคตะวันออกเฉียงเหนือ,ร้อยเอ็ด,50-54,113606,10,8.8024,0.0537,0.4727
เขตสุขภาพที่ 7,ภาคตะวันออกเฉียงเหนือ,ร้อยเอ็ด,55-59,93408,1,1.0706,0.0455,0.0487
เขตสุขภาพที่ 7,ภาคตะวันออกเฉียงเหนือ,ร้อยเอ็ด,60ปีขึ้นไป,237241,16,6.8384,0.1192,0.8151
เขตสุขภาพที่ 7,ภาคตะวันออกเฉียงเหนือ,มหาสารคาม,0-4,39728,0,0.0000,0.0886,0.0000
เขตสุขภาพที่ 7,ภาคตะวันออกเฉียงเหนือ,มหาสารคาม,15-19,55367,4,7.2245,0.0847,0.6119
เขตสุขภาพที่ 7,ภาคตะวันออกเฉียงเหนือ,มหาสารคาม,20-24,72280,4,5.5340,0.0822,0.4549
เขตสุขภาพที่ 7,ภาคตะวันออกเฉียงเหนือ,มหาสารคาม,25-29,69842,6,8.5908,0.0793,0.6813
เขตสุขภาพที่ 7,ภาคตะวันออกเฉียงเหนือ,มหาสารคาม,30-34,63805,9,14.1055,0.0761,1.0734
เขตสุขภาพที่ 7,ภาคตะวันออกเฉียงเหนือ,มหาสารคาม,35-39,64848,11,16.9627,0.0715,1.2128
เขตสุขภาพที่ 7,ภาคตะวันออกเฉียงเหนือ,มหาสารคาม,40-44,73941,7,9.4670,0.0659,0.6239
เขตสุขภาพที่ 7,ภาคตะวันออกเฉียงเหนือ,มหาสารคาม,40-44,51597,0,0.0000,0.0860,0.0000
เขตสุขภาพที่ 7,ภาคตะวันออกเฉียงเหนือ,มหาสารคาม,45-49,82958,5,6.0271,0.0604,0.3640
เขตสุขภาพที่ 7,ภาคตะวันออกเฉียงเหนือ,มหาสารคาม,45-49,48272,0,0.0000,0.0869,0.0000
เขตสุขภาพที่ 7,ภาคตะวันออกเฉียงเหนือ,มหาสารคาม,50-54,83976,8,9.5265,0.0537,0.5116
เขตสุขภาพที่ 7,ภาคตะวันออกเฉียงเหนือ,มหาสารคาม,55-59,69173,5,7.2283,0.0455,0.3289
เขตสุขภาพที่ 7,ภาคตะวันออกเฉียงเหนือ,มหาสารคาม,60ปีขึ้นไป,174455,6,3.4393,0.1192,0.4100
เขตสุขภาพที่ 7,ภาคตะวันออกเฉียงเหนือ,ขอนแก่น,0-4,76761,0,0.0000,0.0886,0.0000
เขตสุขภาพที่ 7,ภาคตะวันออกเฉียงเหนือ,ขอนแก่น,15-19,103789,5,4.8175,0.0847,0.4080
เขตสุขภาพที่ 7,ภาคตะวันออกเฉียงเหนือ,ขอนแก่น,20-24,121506,11,9.0531,0.0822,0.7442
เขตสุขภาพที่ 7,ภาคตะวันออกเฉียงเหนือ,ขอนแก่น,25-29,134251,9,6.7039,0.0793,0.5316
เขตสุขภาพที่ 7,ภาคตะวันออกเฉียงเหนือ,ขอนแก่น,30-34,124245,23,18.5118,0.0761,1.4087
เขตสุขภาพที่ 7,ภาคตะวันออกเฉียงเหนือ,ขอนแก่น,35-39,130084,20,15.3747,0.0715,1.0993
เขตสุขภาพที่ 7,ภาคตะวันออกเฉียงเหนือ,ขอนแก่น,40-44,139685,16,11.4543,0.0659,0.7548
เขตสุขภาพที่ 7,ภาคตะวันออกเฉียงเหนือ,ขอนแก่น,40-44,100332,0,0.0000,0.0860,0.0000
เขตสุขภาพที่ 7,ภาคตะวันออกเฉียงเหนือ,ขอนแก่น,45-49,144937,10,6.8995,0.0604,0.4167
เขตสุขภาพที่ 7,ภาคตะวันออกเฉียงเหนือ,ขอนแก่น,45-49,95613,0,0.0000,0.0869,0.0000
เขตสุขภาพที่ 7,ภาคตะวันออกเฉียงเหนือ,ขอนแก่น,50-54,153341,11,7.1736,0.0537,0.3852
เขตสุขภาพที่ 7,ภาคตะวันออกเฉียงเหนือ,ขอนแก่น,55-59,131653,9,6.8362,0.0455,0.3110
เขตสุขภาพที่ 7,ภาคตะวันออกเฉียงเหนือ,ขอนแก่น,60ปีขึ้นไป,332934,19,5.7068,0.1192,0.6803
เขตสุขภาพที่ 7,ภาคตะวันออกเฉียงเหนือ,กาฬสินธุ์,0-4,42261,0,0.0000,0.0886,0.0000
เขตสุขภาพที่ 7,ภาคตะวันออกเฉียงเหนือ,กาฬสินธุ์,15-19,57264,7,12.2241,0.0847,1.0354
เขตสุขภาพที่ 7,ภาคตะวันออกเฉียงเหนือ,กาฬสินธุ์,20-24,60370,3,4.9694,0.0822,0.4085
เขตสุขภาพที่ 7,ภาคตะวันออกเฉียงเหนือ,กาฬสินธุ์,25-29,72252,13,17.9926,0.0793,1.4268
เขตสุขภาพที่ 7,ภาคตะวันออกเฉียงเหนือ,กาฬสินธุ์,30-34,70249,12,17.0821,0.0761,1.2999
เขตสุขภาพที่ 7,ภาคตะวันออกเฉียงเหนือ,กาฬสินธุ์,35-39,73156,13,17.7702,0.0715,1.2706
เขตสุขภาพที่ 7,ภาคตะวันออกเฉียงเหนือ,กาฬสินธุ์,40-44,77377,18,23.2627,0.0659,1.5330
เขตสุขภาพที่ 7,ภาคตะวันออกเฉียงเหนือ,กาฬสินธุ์,40-44,56406,0,0.0000,0.0860,0.0000
เขตสุขภาพที่ 7,ภาคตะวันออกเฉียงเหนือ,กาฬสินธุ์,45-49,85851,19,22.1314,0.0604,1.3367
เขตสุขภาพที่ 7,ภาคตะวันออกเฉียงเหนือ,กาฬสินธุ์,45-49,52750,0,0.0000,0.0869,0.0000
เขตสุขภาพที่ 7,ภาคตะวันออกเฉียงเหนือ,กาฬสินธุ์,50-54,87853,8,9.1061,0.0537,0.4890
เขตสุขภาพที่ 7,ภาคตะวันออกเฉียงเหนือ,กาฬสินธุ์,55-59,71693,7,9.7639,0.0455,0.4443
เขตสุขภาพที่ 7,ภาคตะวันออกเฉียงเหนือ,กาฬสินธุ์,60ปีขึ้นไป,167992,6,3.5716,0.1192,0.4257
เขตสุขภาพที่ 8,ภาคตะวันออกเฉียงเหนือ,อุดรธานี,0-4,69680,0,0.0000,0.0886,0.0000
เขตสุขภาพที่ 8,ภาคตะวันออกเฉียงเหนือ,อุดรธานี,15-19,98822,1,1.0119,0.0847,0.0857
เขตสุขภาพที่ 8,ภาคตะวันออกเฉียงเหนือ,อุดรธานี,20-24,107549,19,17.6664,0.0822,1.4522
เขตสุขภาพที่ 8,ภาคตะวันออกเฉียงเหนือ,อุดรธานี,25-29,118421,26,21.9556,0.0793,1.7411
เขตสุขภาพที่ 8,ภาคตะวันออกเฉียงเหนือ,อุดรธานี,30-34,111351,21,18.8593,0.0761,1.4352
เขตสุขภาพที่ 8,ภาคตะวันออกเฉียงเหนือ,อุดรธานี,35-39,115691,17,14.6943,0.0715,1.0506
เขตสุขภาพที่ 8,ภาคตะวันออกเฉียงเหนือ,อุดรธานี,40-44,129374,25,19.3238,0.0659,1.2734
เขตสุขภาพที่ 8,ภาคตะวันออกเฉียงเหนือ,อุดรธานี,40-44,94162,0,0.0000,0.0860,0.0000
เขตสุขภาพที่ 8,ภาคตะวันออกเฉียงเหนือ,อุดรธานี,45-49,134786,16,11.8707,0.0604,0.7170
เขตสุขภาพที่ 8,ภาคตะวันออกเฉียงเหนือ,อุดรธานี,45-49,88850,0,0.0000,0.0869,0.0000
เขตสุขภาพที่ 8,ภาคตะวันออกเฉียงเหนือ,อุดรธานี,50-54,131450,13,9.8897,0.0537,0.5311
เขตสุขภาพที่ 8,ภาคตะวันออกเฉียงเหนือ,อุดรธานี,55-59,108555,12,11.0543,0.0455,0.5030
เขตสุขภาพที่ 8,ภาคตะวันออกเฉียงเหนือ,อุดรธานี,60ปีขึ้นไป,251169,14,5.5739,0.1192,0.6644
เขตสุขภาพที่ 8,ภาคตะวันออกเฉียงเหนือ,หนองบัวลำภู,0-4,23730,0,0.0000,0.0886,0.0000
เขตสุขภาพที่ 8,ภาคตะวันออกเฉียงเหนือ,หนองบัวลำภู,15-19,32127,1,3.1126,0.0847,0.2636
เขตสุขภาพที่ 8,ภาคตะวันออกเฉียงเหนือ,หนองบัวลำภู,20-24,34247,3,8.7599,0.0822,0.7201
เขตสุขภาพที่ 8,ภาคตะวันออกเฉียงเหนือ,หนองบัวลำภู,25-29,38537,9,23.3542,0.0793,1.8520
เขตสุขภาพที่ 8,ภาคตะวันออกเฉียงเหนือ,หนองบัวลำภู,30-34,35296,1,2.8332,0.0761,0.2156
เขตสุขภาพที่ 8,ภาคตะวันออกเฉียงเหนือ,หนองบัวลำภู,35-39,38590,5,12.9567,0.0715,0.9264
เขตสุขภาพที่ 8,ภาคตะวันออกเฉียงเหนือ,หนองบัวลำภู,40-44,41932,4,9.5393,0.0659,0.6286
เขตสุขภาพที่ 8,ภาคตะวันออกเฉียงเหนือ,หนองบัวลำภู,40-44,31117,0,0.0000,0.0860,0.0000
เขตสุขภาพที่ 8,ภาคตะวันออกเฉียงเหนือ,หนองบัวลำภู,45-49,43421,6,13.8182,0.0604,0.8346
เขตสุขภาพที่ 8,ภาคตะวันออกเฉียงเหนือ,หนองบัวลำภู,45-49,29252,0,0.0000,0.0869,0.0000
เขตสุขภาพที่ 8,ภาคตะวันออกเฉียงเหนือ,หนองบัวลำภู,50-54,42949,4,9.3134,0.0537,0.5001
เขตสุขภาพที่ 8,ภาคตะวันออกเฉียงเหนือ,หนองบัวลำภู,55-59,35100,0,0.0000,0.0455,0.0000
เขตสุขภาพที่ 8,ภาคตะวันออกเฉียงเหนือ,หนองบัวลำภู,60ปีขึ้นไป,82345,4,4.8576,0.1192,0.5790
เขตสุขภาพที่ 8,ภาคตะวันออกเฉียงเหนือ,หนองคาย,0-4,23089,0,0.0000,0.0886,0.0000
เขตสุขภาพที่ 8,ภาคตะวันออกเฉียงเหนือ,หนองคาย,15-19,32257,2,6.2002,0.0847,0.5252
เขตสุขภาพที่ 8,ภาคตะวันออกเฉียงเหนือ,หนองคาย,20-24,35568,1,2.8115,0.0822,0.2311
เขตสุขภาพที่ 8,ภาคตะวันออกเฉียงเหนือ,หนองคาย,25-29,38172,1,2.6197,0.0793,0.2077
เขตสุขภาพที่ 8,ภาคตะวันออกเฉียงเหนือ,หนองคาย,30-34,33988,2,5.8844,0.0761,0.4478
เขตสุขภาพที่ 8,ภาคตะวันออกเฉียงเหนือ,หนองคาย,35-39,36052,2,5.5475,0.0715,0.3966
เขตสุขภาพที่ 8,ภาคตะวันออกเฉียงเหนือ,หนองคาย,40-44,42484,2,4.7077,0.0659,0.3102
เขตสุขภาพที่ 8,ภาคตะวันออกเฉียงเหนือ,หนองคาย,40-44,30629,0,0.0000,0.0860,0.0000
เขตสุขภาพที่ 8,ภาคตะวันออกเฉียงเหนือ,หนองคาย,45-49,44574,3,6.7304,0.0604,0.4065
เขตสุขภาพที่ 8,ภาคตะวันออกเฉียงเหนือ,หนองคาย,45-49,28782,0,0.0000,0.0869,0.0000
เขตสุขภาพที่ 8,ภาคตะวันออกเฉียงเหนือ,หนองคาย,50-54,43169,1,2.3165,0.0537,0.1244
เขตสุขภาพที่ 8,ภาคตะวันออกเฉียงเหนือ,หนองคาย,55-59,36651,2,5.4569,0.0455,0.2483
เขตสุขภาพที่ 8,ภาคตะวันออกเฉียงเหนือ,หนองคาย,60ปีขึ้นไป,86931,2,2.3007,0.1192,0.2742
เขตสุขภาพที่ 8,ภาคตะวันออกเฉียงเหนือ,สกลนคร,0-4,53845,0,0.0000,0.0886,0.0000
เขตสุขภาพที่ 8,ภาคตะวันออกเฉียงเหนือ,สกลนคร,15-19,75448,0,0.0000,0.0847,0.0000
เขตสุขภาพที่ 8,ภาคตะวันออกเฉียงเหนือ,สกลนคร,20-24,79292,3,3.7835,0.0822,0.3110
เขตสุขภาพที่ 8,ภาคตะวันออกเฉียงเหนือ,สกลนคร,25-29,83458,11,13.1803,0.0793,1.0452
เขตสุขภาพที่ 8,ภาคตะวันออกเฉียงเหนือ,สกลนคร,30-34,77755,13,16.7192,0.0761,1.2723
เขตสุขภาพที่ 8,ภาคตะวันออกเฉียงเหนือ,สกลนคร,35-39,89509,11,12.2893,0.0715,0.8787
เขตสุขภาพที่ 8,ภาคตะวันออกเฉียงเหนือ,สกลนคร,40-44,96035,9,9.3716,0.0659,0.6176
เขตสุขภาพที่ 8,ภาคตะวันออกเฉียงเหนือ,สกลนคร,40-44,72768,3,4.1227,0.0860,0.3546
เขตสุขภาพที่ 8,ภาคตะวันออกเฉียงเหนือ,สกลนคร,45-49,100600,18,17.8926,0.0604,1.0807
เขตสุขภาพที่ 8,ภาคตะวันออกเฉียงเหนือ,สกลนคร,45-49,67514,0,0.0000,0.0869,0.0000
เขตสุขภาพที่ 8,ภาคตะวันออกเฉียงเหนือ,สกลนคร,50-54,95615,3,3.1376,0.0537,0.1685
เขตสุขภาพที่ 8,ภาคตะวันออกเฉียงเหนือ,สกลนคร,55-59,77509,3,3.8705,0.0455,0.1761
เขตสุขภาพที่ 8,ภาคตะวันออกเฉียงเหนือ,สกลนคร,60ปีขึ้นไป,176201,12,6.9129,0.1192,0.8240
เขตสุขภาพที่ 8,ภาคตะวันออกเฉียงเหนือ,เลย,0-4,30334,0,0.0000,0.0886,0.0000
เขตสุขภาพที่ 8,ภาคตะวันออกเฉียงเหนือ,เลย,15-19,37928,1,2.6366,0.0847,0.2233
เขตสุขภาพที่ 8,ภาคตะวันออกเฉียงเหนือ,เลย,20-24,39400,2,5.0761,0.0822,0.4173
เขตสุขภาพที่ 8,ภาคตะวันออกเฉียงเหนือ,เลย,25-29,44452,10,22.4962,0.0793,1.7839
เขตสุขภาพที่ 8,ภาคตะวันออกเฉียงเหนือ,เลย,30-34,43574,4,9.1798,0.0761,0.6986
เขตสุขภาพที่ 8,ภาคตะวันออกเฉียงเหนือ,เลย,35-39,46080,8,17.3611,0.0715,1.2413
เขตสุขภาพที่ 8,ภาคตะวันออกเฉียงเหนือ,เลย,40-44,49155,4,8.1375,0.0659,0.5363
เขตสุขภาพที่ 8,ภาคตะวันออกเฉียงเหนือ,เลย,40-44,37708,0,0.0000,0.0860,0.0000
เขตสุขภาพที่ 8,ภาคตะวันออกเฉียงเหนือ,เลย,45-49,50166,5,9.9669,0.0604,0.6020
เขตสุขภาพที่ 8,ภาคตะวันออกเฉียงเหนือ,เลย,45-49,36499,0,0.0000,0.0869,0.0000
เขตสุขภาพที่ 8,ภาคตะวันออกเฉียงเหนือ,เลย,50-54,52892,5,9.4532,0.0537,0.5076
เขตสุขภาพที่ 8,ภาคตะวันออกเฉียงเหนือ,เลย,55-59,47551,3,6.3090,0.0455,0.2871
เขตสุขภาพที่ 8,ภาคตะวันออกเฉียงเหนือ,เลย,60ปีขึ้นไป,118955,7,5.8846,0.1192,0.7014
เขตสุขภาพที่ 8,ภาคตะวันออกเฉียงเหนือ,บึงกาฬ,0-4,20269,0,0.0000,0.0886,0.0000
เขตสุขภาพที่ 8,ภาคตะวันออกเฉียงเหนือ,บึงกาฬ,15-19,28837,2,6.9355,0.0847,0.5874
เขตสุขภาพที่ 8,ภาคตะวันออกเฉียงเหนือ,บึงกาฬ,20-24,28610,0,0.0000,0.0822,0.0000
เขตสุขภาพที่ 8,ภาคตะวันออกเฉียงเหนือ,บึงกาฬ,25-29,30183,4,13.2525,0.0793,1.0509
เขตสุขภาพที่ 8,ภาคตะวันออกเฉียงเหนือ,บึงกาฬ,30-34,27767,3,10.8042,0.0761,0.8222
เขตสุขภาพที่ 8,ภาคตะวันออกเฉียงเหนือ,บึงกาฬ,35-39,31806,5,15.7203,0.0715,1.1240
เขตสุขภาพที่ 8,ภาคตะวันออกเฉียงเหนือ,บึงกาฬ,40-44,37669,5,13.2735,0.0659,0.8747
เขตสุขภาพที่ 8,ภาคตะวันออกเฉียงเหนือ,บึงกาฬ,40-44,29009,1,3.4472,0.0860,0.2965
เขตสุขภาพที่ 8,ภาคตะวันออกเฉียงเหนือ,บึงกาฬ,45-49,37549,2,5.3264,0.0604,0.3217
เขตสุขภาพที่ 8,ภาคตะวันออกเฉียงเหนือ,บึงกาฬ,45-49,27366,0,0.0000,0.0869,0.0000
เขตสุขภาพที่ 8,ภาคตะวันออกเฉียงเหนือ,บึงกาฬ,50-54,33476,2,5.9744,0.0537,0.3208
เขตสุขภาพที่ 8,ภาคตะวันออกเฉียงเหนือ,บึงกาฬ,55-59,27065,0,0.0000,0.0455,0.0000
เขตสุขภาพที่ 8,ภาคตะวันออกเฉียงเหนือ,บึงกาฬ,60ปีขึ้นไป,61641,2,3.2446,0.1192,0.3868
เขตสุขภาพที่ 8,ภาคตะวันออกเฉียงเหนือ,นครพนม,0-4,33656,0,0.0000,0.0886,0.0000
เขตสุขภาพที่ 8,ภาคตะวันออกเฉียงเหนือ,นครพนม,15-19,48038,1,2.0817,0.0847,0.1763
เขตสุขภาพที่ 8,ภาคตะวันออกเฉียงเหนือ,นครพนม,20-24,51640,5,9.6824,0.0822,0.7959
เขตสุขภาพที่ 8,ภาคตะวันออกเฉียงเหนือ,นครพนม,25-29,52261,6,11.4808,0.0793,0.9104
เขตสุขภาพที่ 8,ภาคตะวันออกเฉียงเหนือ,นครพนม,30-34,48056,5,10.4045,0.0761,0.7918
เขตสุขภาพที่ 8,ภาคตะวันออกเฉียงเหนือ,นครพนม,35-39,55037,4,7.2678,0.0715,0.5197
เขตสุขภาพที่ 8,ภาคตะวันออกเฉียงเหนือ,นครพนม,40-44,60749,5,8.2306,0.0659,0.5424
เขตสุขภาพที่ 8,ภาคตะวันออกเฉียงเหนือ,นครพนม,40-44,45893,0,0.0000,0.0860,0.0000
เขตสุขภาพที่ 8,ภาคตะวันออกเฉียงเหนือ,นครพนม,45-49,62622,3,4.7906,0.0604,0.2894
เขตสุขภาพที่ 8,ภาคตะวันออกเฉียงเหนือ,นครพนม,45-49,41554,0,0.0000,0.0869,0.0000
เขตสุขภาพที่ 8,ภาคตะวันออกเฉียงเหนือ,นครพนม,50-54,57859,4,6.9134,0.0537,0.3712
เขตสุขภาพที่ 8,ภาคตะวันออกเฉียงเหนือ,นครพนม,55-59,46437,1,2.1535,0.0455,0.0980
เขตสุขภาพที่ 8,ภาคตะวันออกเฉียงเหนือ,นครพนม,60ปีขึ้นไป,111680,4,3.5817,0.1192,0.4269
เขตสุขภาพที่ 9,ภาคตะวันออกเฉียงเหนือ,สุรินทร์,0-4,65457,0,0.0000,0.0886,0.0000
เขตสุขภาพที่ 9,ภาคตะวันออกเฉียงเหนือ,สุรินทร์,15-19,89286,6,6.7200,0.0847,0.5692
เขตสุขภาพที่ 9,ภาคตะวันออกเฉียงเหนือ,สุรินทร์,20-24,98387,6,6.0984,0.0822,0.5013
เขตสุขภาพที่ 9,ภาคตะวันออกเฉียงเหนือ,สุรินทร์,25-29,107115,7,6.5350,0.0793,0.5182
เขตสุขภาพที่ 9,ภาคตะวันออกเฉียงเหนือ,สุรินทร์,30-34,94972,6,6.3177,0.0761,0.4808
เขตสุขภาพที่ 9,ภาคตะวันออกเฉียงเหนือ,สุรินทร์,35-39,104197,12,11.5166,0.0715,0.8234
เขตสุขภาพที่ 9,ภาคตะวันออกเฉียงเหนือ,สุรินทร์,40-44,107737,8,7.4255,0.0659,0.4893
เขตสุขภาพที่ 9,ภาคตะวันออกเฉียงเหนือ,สุรินทร์,40-44,86028,3,3.4872,0.0860,0.2999
เขตสุขภาพที่ 9,ภาคตะวันออกเฉียงเหนือ,สุรินทร์,45-49,109553,8,7.3024,0.0604,0.4411
เขตสุขภาพที่ 9,ภาคตะวันออกเฉียงเหนือ,สุรินทร์,45-49,81232,0,0.0000,0.0869,0.0000
เขตสุขภาพที่ 9,ภาคตะวันออกเฉียงเหนือ,สุรินทร์,50-54,103180,7,6.7843,0.0537,0.3643
เขตสุขภาพที่ 9,ภาคตะวันออกเฉียงเหนือ,สุรินทร์,55-59,90052,10,11.1047,0.0455,0.5053
เขตสุขภาพที่ 9,ภาคตะวันออกเฉียงเหนือ,สุรินทร์,60ปีขึ้นไป,238553,13,5.4495,0.1192,0.6496
เขตสุขภาพที่ 9,ภาคตะวันออกเฉียงเหนือ,บุรีรัมย์,0-4,75238,0,0.0000,0.0886,0.0000
เขตสุขภาพที่ 9,ภาคตะวันออกเฉียงเหนือ,บุรีรัมย์,15-19,105076,4,3.8068,0.0847,0.3224
เขตสุขภาพที่ 9,ภาคตะวันออกเฉียงเหนือ,บุรีรัมย์,20-24,111564,10,8.9635,0.0822,0.7368
เขตสุขภาพที่ 9,ภาคตะวันออกเฉียงเหนือ,บุรีรัมย์,25-29,121058,14,11.5647,0.0793,0.9171
เขตสุขภาพที่ 9,ภาคตะวันออกเฉียงเหนือ,บุรีรัมย์,30-34,104993,11,10.4769,0.0761,0.7973
เขตสุขภาพที่ 9,ภาคตะวันออกเฉียงเหนือ,บุรีรัมย์,35-39,115181,21,18.2322,0.0715,1.3036
เขตสุขภาพที่ 9,ภาคตะวันออกเฉียงเหนือ,บุรีรัมย์,40-44,126797,16,12.6186,0.0659,0.8316
เขตสุขภาพที่ 9,ภาคตะวันออกเฉียงเหนือ,บุรีรัมย์,40-44,100766,3,2.9772,0.0860,0.2560
เขตสุขภาพที่ 9,ภาคตะวันออกเฉียงเหนือ,บุรีรัมย์,45-49,131688,8,6.0750,0.0604,0.3669
เขตสุขภาพที่ 9,ภาคตะวันออกเฉียงเหนือ,บุรีรัมย์,45-49,93782,0,0.0000,0.0869,0.0000
เขตสุขภาพที่ 9,ภาคตะวันออกเฉียงเหนือ,บุรีรัมย์,50-54,122348,14,11.4428,0.0537,0.6145
เขตสุขภาพที่ 9,ภาคตะวันออกเฉียงเหนือ,บุรีรัมย์,55-59,103073,11,10.6720,0.0455,0.4856
เขตสุขภาพที่ 9,ภาคตะวันออกเฉียงเหนือ,บุรีรัมย์,60ปีขึ้นไป,266894,23,8.6177,0.1192,1.0272
เขตสุขภาพที่ 9,ภาคตะวันออกเฉียงเหนือ,นครราชสีมา,0-4,116573,0,0.0000,0.0886,0.0000
เขตสุขภาพที่ 9,ภาคตะวันออกเฉียงเหนือ,นครราชสีมา,15-19,161352,7,4.3383,0.0847,0.3675
เขตสุขภาพที่ 9,ภาคตะวันออกเฉียงเหนือ,นครราชสีมา,20-24,175541,14,7.9753,0.0822,0.6556
เขตสุขภาพที่ 9,ภาคตะวันออกเฉียงเหนือ,นครราชสีมา,25-29,189248,10,5.2841,0.0793,0.4190
เขตสุขภาพที่ 9,ภาคตะวันออกเฉียงเหนือ,นครราชสีมา,30-34,179532,23,12.8111,0.0761,0.9749
เขตสุขภาพที่ 9,ภาคตะวันออกเฉียงเหนือ,นครราชสีมา,35-39,194055,20,10.3064,0.0715,0.7369
เขตสุขภาพที่ 9,ภาคตะวันออกเฉียงเหนือ,นครราชสีมา,40-44,215158,17,7.9012,0.0659,0.5207
เขตสุขภาพที่ 9,ภาคตะวันออกเฉียงเหนือ,นครราชสีมา,40-44,155225,4,2.5769,0.0860,0.2216
เขตสุขภาพที่ 9,ภาคตะวันออกเฉียงเหนือ,นครราชสีมา,45-49,214670,9,4.1925,0.0604,0.2532
เขตสุขภาพที่ 9,ภาคตะวันออกเฉียงเหนือ,นครราชสีมา,45-49,144729,0,0.0000,0.0869,0.0000
เขตสุขภาพที่ 9,ภาคตะวันออกเฉียงเหนือ,นครราชสีมา,50-54,210486,14,6.6513,0.0537,0.3572
เขตสุขภาพที่ 9,ภาคตะวันออกเฉียงเหนือ,นครราชสีมา,55-59,187948,16,8.5130,0.0455,0.3873
เขตสุขภาพที่ 9,ภาคตะวันออกเฉียงเหนือ,นครราชสีมา,60ปีขึ้นไป,484506,47,9.7006,0.1192,1.1563
เขตสุขภาพที่ 9,ภาคตะวันออกเฉียงเหนือ,ชัยภูมิ,0-4,49498,0,0.0000,0.0886,0.0000
เขตสุขภาพที่ 9,ภาคตะวันออกเฉียงเหนือ,ชัยภูมิ,15-19,66882,3,4.4855,0.0847,0.3799
เขตสุขภาพที่ 9,ภาคตะวันออกเฉียงเหนือ,ชัยภูมิ,20-24,70902,7,9.8728,0.0822,0.8115
เขตสุขภาพที่ 9,ภาคตะวันออกเฉียงเหนือ,ชัยภูมิ,25-29,80590,15,18.6127,0.0793,1.4760
เขตสุขภาพที่ 9,ภาคตะวันออกเฉียงเหนือ,ชัยภูมิ,30-34,75591,8,10.5833,0.0761,0.8054
เขตสุขภาพที่ 9,ภาคตะวันออกเฉียงเหนือ,ชัยภูมิ,35-39,79540,12,15.0867,0.0715,1.0787
เขตสุขภาพที่ 9,ภาคตะวันออกเฉียงเหนือ,ชัยภูมิ,40-44,85280,10,11.7261,0.0659,0.7727
เขตสุขภาพที่ 9,ภาคตะวันออกเฉียงเหนือ,ชัยภูมิ,40-44,65659,0,0.0000,0.0860,0.0000
เขตสุขภาพที่ 9,ภาคตะวันออกเฉียงเหนือ,ชัยภูมิ,45-49,92102,8,8.6860,0.0604,0.5246
เขตสุขภาพที่ 9,ภาคตะวันออกเฉียงเหนือ,ชัยภูมิ,45-49,61525,0,0.0000,0.0869,0.0000
เขตสุขภาพที่ 9,ภาคตะวันออกเฉียงเหนือ,ชัยภูมิ,50-54,95505,8,8.3765,0.0537,0.4498
เขตสุขภาพที่ 9,ภาคตะวันออกเฉียงเหนือ,ชัยภูมิ,55-59,83187,8,9.6169,0.0455,0.4376
เขตสุขภาพที่ 9,ภาคตะวันออกเฉียงเหนือ,ชัยภูมิ,60ปีขึ้นไป,216191,19,8.7885,0.1192,1.0476
